id,game_no,game_name,game_code,type,cost_price,tax,sale_price,date_of_sale
1,77,vwwsztutmcxiwmrywkjo,tfqqf,1,77.00,0.09,83.93,"2024-04-19 07:31:41.000000"
2,78,bvbtrclzpbldgvlqyxqn,qqiqf,1,65.00,0.09,70.85,"2024-04-03 21:35:57.000000"
3,56,muokhffjhfficksmekmg,tbxmq,2,75.00,0.09,81.75,"2024-04-17 18:44:49.000000"
4,56,csjrjuuqsuvvqqhllxgn,tjlem,2,98.00,0.09,106.82,"2024-04-08 00:54:06.000000"
5,26,ozjtrclwbrinpovqrleo,gpgje,2,31.00,0.09,33.79,"2024-04-07 06:55:24.000000"
6,14,cxjcikcfsxoblemykztx,glmeh,1,15.00,0.09,16.35,"2024-04-21 16:50:29.000000"
7,3,cgcqwoeejfxbjrjuvtjo,plhdt,1,83.00,0.09,90.47,"2024-04-26 18:36:23.000000"
8,84,okhdusdmymlvxyagfeid,onxxz,1,66.00,0.09,71.94,"2024-04-28 12:39:55.000000"
9,62,isslyowtdjmjgdymmapx,tcfrv,1,22.00,0.09,23.98,"2024-04-19 14:44:15.000000"
10,47,myispyywofiyxpiuymoj,abdom,2,3.00,0.09,3.27,"2024-04-01 08:50:03.000000"
11,1,yvhwogkktnknhuguhxte,knmti,1,62.00,0.09,67.58,"2024-04-05 06:01:37.000000"
12,88,ycrbdomrxnxbkxjcikyo,xyzdp,2,43.00,0.09,46.87,"2024-04-07 10:08:51.000000"
13,79,hycmcbxmseoljpxtatus,gbmie,2,96.00,0.09,104.64,"2024-04-03 06:10:20.000000"
14,52,jeungocrgeeelpudelup,rnrtu,2,98.00,0.09,106.82,"2024-04-26 06:09:22.000000"
15,30,yyvjhhpexfgpgjequcyo,wsyqi,2,80.00,0.09,87.20,"2024-04-22 03:26:41.000000"
16,13,nhuejjsmieuoixstqzbd,omqvh,2,8.00,0.09,8.72,"2024-04-02 05:22:38.000000"
17,100,vgqnpnteqssjsoodykfr,xlojd,2,65.00,0.09,70.85,"2024-04-13 04:41:57.000000"
18,10,gyzclyljmhzckwcuuoln,fnyho,2,61.00,0.09,66.49,"2024-04-15 06:25:58.000000"
19,57,kjqbgbpwnxbopiubwfje,rytwd,2,55.00,0.09,59.95,"2024-04-25 00:10:52.000000"
20,36,juvtjldgwqnujlccfqss,lxjaz,2,65.00,0.09,70.85,"2024-04-15 00:01:55.000000"
21,39,nnbpwrripycoocqckwdw,fgqlh,1,71.00,0.09,77.39,"2024-04-07 07:53:01.000000"
22,93,agecvdylkrfajvcvamls,hfehy,2,48.00,0.09,52.32,"2024-04-24 18:56:07.000000"
23,53,htynsaxpfhrqcnibfvrw,ibgye,2,17.00,0.09,18.53,"2024-04-02 11:34:30.000000"
24,74,nmtkrhisrevsdiirkwiy,uelrc,1,47.00,0.09,51.23,"2024-04-09 19:02:13.000000"
25,9,nkmfnxeyjwkgcsgeaouh,cmgrr,1,20.00,0.09,21.80,"2024-04-19 01:08:43.000000"
26,43,ihnquyjbdkqaetikzsqc,nhwoc,2,38.00,0.09,41.42,"2024-04-23 03:54:12.000000"
27,57,phqittnjfakzsqyywocu,sgxbi,1,37.00,0.09,40.33,"2024-04-14 04:17:32.000000"
28,12,gxugtbaxnvruykfsbbdn,eeltk,2,49.00,0.09,53.41,"2024-04-06 23:26:30.000000"
29,56,eeicnkilfrtuqxsutjpx,ugufq,2,35.00,0.09,38.15,"2024-04-23 08:29:06.000000"
30,70,fakavcynsbayubwflngr,rhnpo,2,24.00,0.09,26.16,"2024-04-08 00:17:11.000000"
31,46,okjqdsgzfcuuolollxit,vxean,2,70.00,0.09,76.30,"2024-04-15 12:28:38.000000"
32,35,hissjqeuolokijxlmcbx,mokhh,2,70.00,0.09,76.30,"2024-04-29 10:12:13.000000"
33,67,mknmuojesfscfuiggobl,dhblb,2,38.00,0.09,41.42,"2024-04-05 09:25:15.000000"
34,62,qlepmquzoukqxqnqpfdy,lkorr,1,59.00,0.09,64.31,"2024-04-29 19:19:21.000000"
35,6,kvzkcgycomumargitutl,ymmbq,1,82.00,0.09,89.38,"2024-04-20 02:44:12.000000"
36,74,tonvtighphnsdkreumyi,vfmun,1,57.00,0.09,62.13,"2024-04-05 00:09:38.000000"
37,99,nrssimncweczrldhafbp,xsuvw,2,43.00,0.09,46.87,"2024-04-22 13:26:14.000000"
38,31,jystquelshexfeeknlop,gjdoj,1,62.00,0.09,67.58,"2024-04-21 12:32:51.000000"
39,57,tdifdxhpecvbotdknmwy,eyfgq,1,9.00,0.09,9.81,"2024-04-07 07:05:14.000000"
40,81,kqacijvehyyvjggjbgbn,muquy,2,68.00,0.09,74.12,"2024-04-25 15:36:17.000000"
41,9,xlluqvgtbwkheyirlgws,wfkme,1,98.00,0.09,106.82,"2024-04-01 15:57:22.000000"
42,20,wwtfqpcnmsfxbilhdunh,udhya,1,85.00,0.09,92.65,"2024-04-21 23:17:33.000000"
43,96,roqrjsorsmickvanpmpl,nfkku,2,68.00,0.09,74.12,"2024-04-28 09:06:09.000000"
44,56,bmhckwfjfxyzcngswfkk,snkjr,1,29.00,0.09,31.61,"2024-04-20 11:21:10.000000"
45,39,zvddendcavdeknjfbnlq,xswgm,2,18.00,0.09,19.62,"2024-04-21 22:17:14.000000"
46,97,stqufpjayubttlbtrgcq,yvicm,1,64.00,0.09,69.76,"2024-04-16 13:09:02.000000"
47,68,uapbhjyrnpjbfvoivjfx,bkwhu,1,77.00,0.09,83.93,"2024-04-24 02:16:36.000000"
48,55,klbuyhnwtfsbbaxphqho,zhitw,1,23.00,0.09,25.07,"2024-04-18 09:05:33.000000"
49,23,jesdmxgmrwlnjeuojdne,jioui,1,73.00,0.09,79.57,"2024-04-08 17:36:58.000000"
50,11,tktqyvkjpxtcfszucxlk,tnjhg,1,25.00,0.09,27.25,"2024-04-02 22:14:40.000000"
51,58,rqdrabgbnnzjxmrwjeti,hjcjn,2,36.00,0.09,39.24,"2024-04-30 06:30:20.000000"
52,83,fmxcptcceogodxfiyucc,dkqyv,1,5.00,0.09,5.45,"2024-04-10 13:18:39.000000"
53,46,heuqvfmunehwrqexdtng,qnrwj,1,39.00,0.09,42.51,"2024-04-20 19:21:22.000000"
54,16,tlutlyiwibfwthbkxhst,omvti,1,70.00,0.09,76.30,"2024-04-14 11:40:50.000000"
55,17,mwbnoeddhyxugsyrmkmg,taveg,2,26.00,0.09,28.34,"2024-04-26 09:31:37.000000"
56,49,wwvndarlccfteohucccf,teogp,1,26.00,0.09,28.34,"2024-04-21 13:39:08.000000"
57,65,fzjwgqkbbdngnzkypdus,fujld,1,78.00,0.09,85.02,"2024-04-07 14:37:28.000000"
58,78,fsbbbdkrfxahlheamkpt,cccgw,2,24.00,0.09,26.16,"2024-04-25 06:07:58.000000"
59,35,insaxmscijtvwxyconvr,vhtby,2,5.00,0.09,5.45,"2024-04-15 22:14:06.000000"
60,35,ggkgcrdqwkkuwwsdhdrc,ktprp,2,93.00,0.09,101.37,"2024-04-24 18:53:28.000000"
61,20,plkresgyeyffibhfehwq,lgagf,1,86.00,0.09,93.74,"2024-04-12 18:04:24.000000"
62,40,uvvrvczqiqgjyrrfcutl,ykenf,1,69.00,0.09,75.21,"2024-04-01 16:54:43.000000"
63,7,hebsmgrspwphpeaosxkh,eykax,1,71.00,0.09,77.39,"2024-04-02 20:52:46.000000"
64,21,vpmqqjvdcyqkypexdwyf,cwctp,2,75.00,0.09,81.75,"2024-04-19 09:42:21.000000"
65,83,hwodyjbaazxqmmyisotd,ievtf,2,54.00,0.09,58.86,"2024-04-06 15:01:05.000000"
66,32,bfvqsrikepmojfumxfiw,msdne,1,84.00,0.09,91.56,"2024-04-13 02:47:04.000000"
67,51,idpqlihlkrgdxezosawi,zzyxr,2,93.00,0.09,101.37,"2024-04-27 04:52:16.000000"
68,59,iuarlfofklxhrnoivgqp,yzcnh,2,51.00,0.09,55.59,"2024-04-28 02:37:19.000000"
69,2,jrjuylfujkxjzxoedatt,pqmkn,1,40.00,0.09,43.60,"2024-04-26 00:16:55.000000"
70,98,kbcepmomryvgrspwnalg,tfsyp,1,3.00,0.09,3.27,"2024-04-19 12:50:18.000000"
71,2,gdzmmanruapzdqxqkema,pyyyy,2,29.00,0.09,31.61,"2024-04-29 17:02:03.000000"
72,93,tbvegqpycmekonyfdbwi,wnxye,2,93.00,0.09,101.37,"2024-04-30 22:38:23.000000"
73,21,amidrywocrfygjyvibfv,qttmh,2,28.00,0.09,30.52,"2024-04-29 07:49:49.000000"
74,90,qmmyhqkzuxistrzzytzr,kbypg,1,3.00,0.09,3.27,"2024-04-03 13:09:12.000000"
75,35,migglojesfscdndbxkih,pbjtu,2,55.00,0.09,59.95,"2024-04-30 08:42:43.000000"
76,27,kepoxxvkmibhfgobpvkm,dgxtd,1,38.00,0.09,41.42,"2024-04-24 17:57:51.000000"
77,85,vrwjdqstqwknhxrtqwod,vzkxo,2,94.00,0.09,102.46,"2024-04-28 07:24:03.000000"
78,77,ccencxkhdreuncwgmqtz,qgfix,2,77.00,0.09,83.93,"2024-04-22 06:13:03.000000"
79,25,duquehzdpqivcatrgedc,awhuf,1,92.00,0.09,100.28,"2024-04-03 23:32:29.000000"
80,76,lbvbusimkoodwbqdpqlg,vneej,1,37.00,0.09,40.33,"2024-04-29 14:29:17.000000"
81,69,orsnnzlguknievppebtp,svcwb,2,37.00,0.09,40.33,"2024-04-22 14:04:16.000000"
82,49,hywpkdmcxkhcophrlhcm,fnbqz,1,62.00,0.09,67.58,"2024-04-22 09:15:41.000000"
83,72,lccencxivfnbpyyxtbzs,sjrkv,1,3.00,0.09,3.27,"2024-04-24 12:58:04.000000"
84,84,upmrwkinndzpydqueknj,hkbci,1,42.00,0.09,45.78,"2024-04-08 11:17:34.000000"
85,2,ioukqxrpxxtcdigfjclx,fjclx,1,62.00,0.09,67.58,"2024-04-08 13:36:04.000000"
86,42,iitrgdxdyiwhwmvschcr,cjqck,2,83.00,0.09,90.47,"2024-04-22 19:33:18.000000"
87,16,okjotcfsyqjvdasqyxqn,pnumx,1,98.00,0.09,106.82,"2024-04-14 01:22:31.000000"
88,27,ahjxqhpcrfycqwnwxwqn,tgvog,1,70.00,0.09,76.30,"2024-04-02 08:49:12.000000"
89,15,pnuncweeklcavehxswee,ifctp,2,61.00,0.09,66.49,"2024-04-30 22:59:28.000000"
90,17,vsbaxpisrhglneibgezm,mxglj,2,77.00,0.09,83.93,"2024-04-04 14:32:14.000000"
91,30,drckreumcxiucbavhvha,esgyc,2,51.00,0.09,55.59,"2024-04-27 04:49:48.000000"
92,85,qoxahhqjwjeprmknkkuw,xxybg,1,68.00,0.09,74.12,"2024-04-05 09:22:49.000000"
93,72,dmznsztweegsypexecwf,hwphr,1,24.00,0.09,26.16,"2024-04-25 18:01:26.000000"
94,44,rdolokkvamhcniaeulus,epnxw,2,20.00,0.09,21.80,"2024-04-20 20:45:15.000000"
95,72,ptdgugxwphrnpjcgzggn,vpnuk,2,96.00,0.09,104.64,"2024-04-27 03:56:30.000000"
96,51,wxzdsequbvzlgvohtvyi,qhowr,2,95.00,0.09,103.55,"2024-04-10 16:04:55.000000"
97,79,yljnmurwklwdxhrlhzew,wtfsy,2,64.00,0.09,69.76,"2024-04-02 04:01:26.000000"
98,30,jvehwqowtbzuymokhgiw,lmelp,2,54.00,0.09,58.86,"2024-04-22 11:22:28.000000"
99,97,rldjlfohssldhyxufogm,rzwms,1,64.00,0.09,69.76,"2024-04-21 16:53:03.000000"
100,56,swfjilepnukoqmokfujn,kmgug,2,1.00,0.09,1.09,"2024-04-25 07:08:00.000000"
101,4,trfwtemapxtbytvwwtdl,tokim,1,85.00,0.09,92.65,"2024-04-25 21:59:24.000000"
102,62,pexdwbopliffhxqlkpug,uifye,1,63.00,0.09,68.67,"2024-04-02 08:47:29.000000"
103,35,pyclxitwfjfvqroswfmt,kqbfy,1,77.00,0.09,83.93,"2024-04-15 00:42:14.000000"
104,4,uwxblccgwtdieygkfukr,dppfh,2,72.00,0.09,78.48,"2024-04-14 19:49:26.000000"
105,17,lqvkktqxrrkzsnpivfoc,walgw,2,89.00,0.09,97.01,"2024-04-09 17:14:56.000000"
106,80,ddhdrdmehvmxdupqkchb,lbxlk,2,61.00,0.09,66.49,"2024-04-22 09:48:59.000000"
107,76,qyxsuvwvogoeyliiowrs,rercg,2,8.00,0.09,8.72,"2024-04-16 19:44:00.000000"
108,41,larjveejgfiwofgrrjsm,fruyj,2,70.00,0.09,76.30,"2024-04-19 11:17:37.000000"
109,99,cjqbktrbgcrclaqgfibg,bnocu,2,60.00,0.09,65.40,"2024-04-17 23:33:31.000000"
110,4,midprpaewxvnbsjtqwlq,uejjr,1,54.00,0.09,58.86,"2024-04-23 08:53:43.000000"
111,12,jlcdhcqyvidpsrjqdrdn,hvhwq,2,96.00,0.09,104.64,"2024-04-02 02:07:23.000000"
112,31,lgybhiubvcuvsdkpwogl,lynpo,1,34.00,0.09,37.06,"2024-04-19 16:18:59.000000"
113,13,silfqrkxmqtyjbchgivg,qnpow,2,39.00,0.09,42.51,"2024-04-15 17:17:36.000000"
114,31,bgfeeklcaucxljnmxfef,odbsl,1,32.00,0.09,34.88,"2024-04-05 19:08:28.000000"
115,87,wsawkkutilgwtavddids,hggob,2,42.00,0.09,45.78,"2024-04-17 23:33:10.000000"
116,59,gllynqspufruxhozhlkp,wpist,2,99.00,0.09,107.91,"2024-04-29 19:42:02.000000"
117,84,hyvlsdpobkbwjckuuqro,qrjtu,2,25.00,0.09,27.25,"2024-04-01 13:38:08.000000"
118,36,sosuvwthbjrghpdxedbw,ixqnp,1,24.00,0.09,26.16,"2024-04-29 21:36:39.000000"
119,13,sgcptynukqadnfofhswh,qmkpv,1,13.00,0.09,14.17,"2024-04-20 16:13:20.000000"
120,91,obmjkxkesbdkrgfefogm,qsuuq,2,70.00,0.09,76.30,"2024-04-11 11:28:29.000000"
121,65,fzjvddeogmumbrjrkxja,zyvid,2,55.00,0.09,59.95,"2024-04-30 11:25:34.000000"
122,29,mnfmtjnncwedbxkhghrr,ghpct,1,99.00,0.09,107.91,"2024-04-18 10:39:46.000000"
123,96,bilgwqpdvunfmrzyucau,zouji,2,92.00,0.09,100.28,"2024-04-26 11:42:45.000000"
124,50,ygjdokkskutmddjhligg,pdxgj,1,74.00,0.09,80.66,"2024-04-05 22:46:25.000000"
125,62,pdwblemxctlzpbkynukr,clwcs,1,100.00,0.09,109.00,"2024-04-20 17:43:54.000000"
126,32,pbipyzdnjfxcptxjcgyb,iovny,1,4.00,0.09,4.36,"2024-04-30 17:48:30.000000"
127,86,hwnbnnbpxsvdbvegswfk,ikcep,1,66.00,0.09,71.94,"2024-04-25 16:25:51.000000"
128,15,gtcchcpufognwujmhxsy,owsxn,2,77.00,0.09,83.93,"2024-04-07 14:32:58.000000"
129,80,igeeguguidtikcfqsoru,vwuls,1,34.00,0.09,37.06,"2024-04-24 22:57:14.000000"
130,98,nojbchezlfuhzdsdmdej,jsmib,1,36.00,0.09,39.24,"2024-04-28 05:54:06.000000"
131,47,ppdxdxffkmfmwajturxr,osxnw,2,10.00,0.09,10.90,"2024-04-09 04:38:59.000000"
132,7,nkjqcnjimjmgsyrldihm,lusga,1,47.00,0.09,51.23,"2024-04-14 00:20:34.000000"
133,78,ppfhvibfziowruwakbyp,feeid,2,81.00,0.09,88.29,"2024-04-05 07:19:11.000000"
134,30,clyovncuvscfumylftfr,vcxll,2,54.00,0.09,58.86,"2024-04-13 10:35:53.000000"
135,46,buyirmjlzqirkxkfxwpm,oiyvi,1,19.00,0.09,20.71,"2024-04-26 08:12:35.000000"
136,68,whvhywoctnhvlptymoiy,txlhg,1,67.00,0.09,73.03,"2024-04-16 16:00:15.000000"
137,61,llvwwrvcwgmqvgtypeyj,vgpjy,2,41.00,0.09,44.69,"2024-04-03 11:10:05.000000"
138,20,scgwrtrgdwalfrtsjsky,mpmpn,2,1.00,0.09,1.09,"2024-04-08 14:46:58.000000"
139,26,nukshjwiabfwuknmtjpw,odylh,1,73.00,0.09,79.57,"2024-04-09 11:40:58.000000"
140,25,jbfvqpebqexaipbipzeu,ppght,2,56.00,0.09,61.04,"2024-04-27 04:14:28.000000"
141,69,vcwefnamjlasqclwegof,ixrrh,1,80.00,0.09,87.20,"2024-04-01 10:05:57.000000"
142,70,lcbysuseserucwfhwnxa,juusf,2,59.00,0.09,64.31,"2024-04-13 15:37:20.000000"
143,34,lelsgcqyxsuuqvfodxgm,scfvn,1,2.00,0.09,2.18,"2024-04-22 10:29:27.000000"
144,55,oeejgdwdymkqzacjnqnq,tutjp,2,92.00,0.09,100.28,"2024-04-21 21:18:05.000000"
145,75,qbfygfjdqubwhqnnefog,mserx,1,63.00,0.09,68.67,"2024-04-23 05:14:42.000000"
146,82,vukrcmehbhiubtshglkr,falfp,1,43.00,0.09,46.87,"2024-04-24 21:16:48.000000"
147,70,dlutiirnmurwjhgjdnfl,qvjfb,1,19.00,0.09,20.71,"2024-04-18 15:07:41.000000"
148,38,dlxhoyexeykcgwqqioyb,jqcme,1,46.00,0.09,50.14,"2024-04-04 18:34:54.000000"
149,26,wruwyfbrinqspufpkepp,csijw,1,25.00,0.09,27.25,"2024-04-03 07:40:27.000000"
150,65,ackrhittprrkvbtonwvp,ntgwt,1,70.00,0.09,76.30,"2024-04-26 17:12:59.000000"
151,21,lomtijwgphqgkhduomqu,cynum,1,64.00,0.09,69.76,"2024-04-03 10:46:27.000000"
152,52,jesgwvluomrxrnojyviz,cjotf,2,43.00,0.09,46.87,"2024-04-10 20:19:56.000000"
153,38,wfmuoibdppgjcgcsgcrd,prnqr,1,14.00,0.09,15.26,"2024-04-12 04:39:38.000000"
154,46,eltjpwrqhmmcvbqbjpae,wvndb,2,44.00,0.09,47.96,"2024-04-13 16:15:31.000000"
155,80,sfwuifyisorsptauylha,hkdjl,1,29.00,0.09,31.61,"2024-04-03 18:39:44.000000"
156,60,rriqfeczrlcfqrmhbinq,rmiet,1,66.00,0.09,71.94,"2024-04-03 22:04:01.000000"
157,54,jgblekmgvmxeznnehugt,avgoc,2,69.00,0.09,75.21,"2024-04-02 12:27:44.000000"
158,21,vqrmifbnmuquzpybhgmq,ssjrj,2,59.00,0.09,64.31,"2024-04-22 07:53:07.000000"
159,82,xfefmvuogpfixqlhdshe,ykdih,1,39.00,0.09,42.51,"2024-04-18 12:34:24.000000"
160,77,cdknlsgydtlxhobldgyy,adqub,2,68.00,0.09,74.12,"2024-04-05 06:50:28.000000"
161,69,yvhuhxugtdiioukmicmd,gwoef,1,73.00,0.09,79.57,"2024-04-08 14:29:46.000000"
162,9,qbeseqtuuqtwbpxsvzli,ipyyb,1,52.00,0.09,56.68,"2024-04-18 10:11:30.000000"
163,36,abdlwdvyipbkvdbvcxiv,fnygh,2,9.00,0.09,9.81,"2024-04-01 19:54:16.000000"
164,90,jetiisnlqyvhxsxlkpxr,rkwgo,1,77.00,0.09,83.93,"2024-04-17 13:47:40.000000"
165,47,rabeqturdlwcsmejkwgm,ukslx,1,9.00,0.09,9.81,"2024-04-09 07:12:11.000000"
166,15,wzipdtmeidprpzeunfny,hmppf,1,16.00,0.09,17.44,"2024-04-10 19:43:47.000000"
167,18,wxxwqntdjnlqyucawhvi,aevqt,2,12.00,0.09,13.08,"2024-04-28 13:10:21.000000"
168,25,mqssmejkvanqrkbwjequ,zovpk,1,24.00,0.09,26.16,"2024-04-09 17:36:11.000000"
169,75,vanoflmccbbcfsdlvxbj,smgtb,2,48.00,0.09,52.32,"2024-04-20 06:20:15.000000"
170,79,zpycooborqggoctonvqt,tqxpg,1,14.00,0.09,15.26,"2024-04-18 06:21:49.000000"
171,49,rystrclxfiyvidrzxrpx,tcdkq,2,97.00,0.09,105.73,"2024-04-28 06:20:41.000000"
172,65,mmwziqhkgzgebvyhqgkg,aiotf,2,70.00,0.09,76.30,"2024-04-17 06:20:49.000000"
173,62,lighstrbgcshfefqmlvw,xxvkm,1,42.00,0.09,45.78,"2024-04-19 00:31:29.000000"
174,75,xllvxahlkqckvxebqfam,ifyhp,1,31.00,0.09,33.79,"2024-04-16 06:32:38.000000"
175,63,oajsoqlhfbpvnyhntihj,yuasn,1,68.00,0.09,74.12,"2024-04-02 12:55:14.000000"
176,23,yfdxgmquzpybjovoeflp,qlhcm,1,63.00,0.09,68.67,"2024-04-15 10:04:24.000000"
177,54,gnyggmtigiueibjrjsnl,opgll,2,86.00,0.09,93.74,"2024-04-24 15:19:24.000000"
178,39,oqnpoxyzcjrfzjvdbyow,vofiz,1,28.00,0.09,30.52,"2024-04-06 18:44:02.000000"
179,16,elqvgsvdcypfdcauaqgf,gqovn,1,80.00,0.09,87.20,"2024-04-24 11:50:30.000000"
180,52,gpjyqkcfsyqhntgvogpi,ttpqk,1,59.00,0.09,64.31,"2024-04-14 07:43:35.000000"
181,46,yjytvamjkvanohqlgyae,tjldi,1,42.00,0.09,45.78,"2024-04-08 06:33:36.000000"
182,96,clcbwiyxphqjwgqljmhy,aerbb,1,60.00,0.09,65.40,"2024-04-17 08:05:02.000000"
183,94,bkvbrhlhdvrazwmuoiyv,kkvbr,1,21.00,0.09,22.89,"2024-04-09 16:32:52.000000"
184,83,hvjjtrbfwtdlvwxyzcnf,ogmpr,2,78.00,0.09,85.02,"2024-04-06 02:45:43.000000"
185,54,efmxbkyobjtrclwfhvhy,wmumd,1,47.00,0.09,51.23,"2024-04-25 13:17:34.000000"
186,70,zxoakbypfddekqwmsfwv,mzlft,1,58.00,0.09,63.22,"2024-04-12 07:42:56.000000"
187,15,ppfcymnehxsvdasnmuqr,oswhr,2,12.00,0.09,13.08,"2024-04-21 07:23:01.000000"
188,4,erxozirkavcyoxxvkprp,yconw,2,30.00,0.09,32.70,"2024-04-05 19:06:48.000000"
189,91,bopjxnwujjvcuuqtxhpe,cxjaz,2,58.00,0.09,63.22,"2024-04-05 09:41:04.000000"
190,2,pbiotcdltmczsrhispxr,tqado,1,57.00,0.09,62.13,"2024-04-15 05:39:39.000000"
191,68,yubttlasmidsdomomtgx,zdqta,2,56.00,0.09,61.04,"2024-04-19 18:44:31.000000"
192,47,lvumbtptypewxaghqiqf,fjhfe,1,49.00,0.09,53.41,"2024-04-27 13:04:28.000000"
193,96,dshhoxxxuhbgdwbnlrer,wmqwk,1,82.00,0.09,89.38,"2024-04-26 07:33:49.000000"
194,79,jooglmdemwwvncwefmvu,lwyew,1,42.00,0.09,45.78,"2024-04-01 12:09:11.000000"
195,85,ehxuelrbgcrfxaggmscg,ydqvi,1,37.00,0.09,40.33,"2024-04-19 13:47:26.000000"
196,2,fyfbrgedbveibhfdcbyr,npkhe,1,50.00,0.09,54.50,"2024-04-15 11:23:16.000000"
197,92,eykbayrqfzkbxnwthzet,ijuwb,2,81.00,0.09,88.29,"2024-04-08 13:10:03.000000"
198,85,mwbkzsresdlurbfvokfu,ltokl,2,65.00,0.09,70.85,"2024-04-07 17:53:47.000000"
199,20,hvidonyeyhqghstrcjml,qxqkd,1,5.00,0.09,5.45,"2024-04-23 12:50:45.000000"
200,62,vidonxyeumdfpiwlpocu,qvgsx,1,54.00,0.09,58.86,"2024-04-08 21:26:14.000000"
201,72,uvsepoxyafwxvoegrpzf,xcsgd,2,3.00,0.09,3.27,"2024-04-15 19:30:00.000000"
202,39,lcztuqyudekpsxjdndfn,zlgwp,1,42.00,0.09,45.78,"2024-04-22 11:37:11.000000"
203,35,ovmwajttmcypcorpagec,xiwlp,2,75.00,0.09,81.75,"2024-04-17 13:19:11.000000"
204,54,bnnzlemykbchdvwtdlur,yvgsw,1,38.00,0.09,41.42,"2024-04-09 23:34:23.000000"
205,36,wlktnjfziovpnrwhvhxr,spwnz,1,77.00,0.09,83.93,"2024-04-24 22:27:59.000000"
206,70,cjmkpuejjspudgwqqfef,mtkqc,2,41.00,0.09,44.69,"2024-04-13 10:05:28.000000"
207,85,amieunehywnzjwizywnx,yewai,2,13.00,0.09,14.17,"2024-04-24 07:43:31.000000"
208,51,ejfalemxdvtlvvrzveko,nxcop,1,81.00,0.09,88.29,"2024-04-03 06:28:38.000000"
209,96,ovpnrwlonunddhaewukp,tcbax,2,4.00,0.09,4.36,"2024-04-15 17:03:00.000000"
210,36,iljlfpjbdktonxaiqfbp,wqnsy,2,17.00,0.09,18.53,"2024-04-02 06:43:00.000000"
211,72,lbvdeicnhxvhyzcikcgz,ewyeu,2,76.00,0.09,82.84,"2024-04-26 02:34:09.000000"
212,94,eznoiyueidpsvyituqxq,keqqg,1,12.00,0.09,13.08,"2024-04-13 22:57:08.000000"
213,83,vseojfukpvlrbfwteojb,ftiin,2,29.00,0.09,31.61,"2024-04-03 15:40:43.000000"
214,59,rotfqqffhxqmmyivcbvc,ynuif,1,82.00,0.09,89.38,"2024-04-25 05:37:04.000000"
215,61,peykbbbbepmqvhwmumbu,vtiiq,1,42.00,0.09,45.78,"2024-04-09 01:40:30.000000"
216,10,rbeukrdqsuwxybiougxu,fohtv,2,39.00,0.09,42.51,"2024-04-30 03:07:15.000000"
217,71,pyadokktpudhxuemzlfs,xoyfa,1,38.00,0.09,41.42,"2024-04-14 11:32:09.000000"
218,12,guifyipcrbgdurchduqt,vyffj,1,80.00,0.09,87.20,"2024-04-15 08:50:03.000000"
219,1,pxtdifcusfxwtcftgyyb,gbmic,2,47.00,0.09,51.23,"2024-04-21 02:35:49.000000"
220,97,ucccgyzcmehbgcqacmdf,rttol,1,10.00,0.09,10.90,"2024-04-02 04:22:24.000000"
221,93,nultnibikawlnibgdwcu,qwlqv,1,54.00,0.09,58.86,"2024-04-03 14:10:35.000000"
222,82,vrxoakxnsbbcgzfbpxvl,oodyj,2,42.00,0.09,45.78,"2024-04-12 16:19:57.000000"
223,72,kvxfddfruxgkikbytwcv,xezmj,1,74.00,0.09,80.66,"2024-04-19 02:24:42.000000"
224,82,gvkprqexajrmfqovoflm,fnctm,1,68.00,0.09,74.12,"2024-04-21 23:51:37.000000"
225,47,gtcbdjnndwedfognvokj,orsos,2,41.00,0.09,44.69,"2024-04-08 22:39:39.000000"
226,11,tlyliinujkynrxozhmoh,uccep,1,68.00,0.09,74.12,"2024-04-27 01:36:19.000000"
227,33,bfvrtwbrevsbazxrpafb,mknln,1,49.00,0.09,53.41,"2024-04-05 10:23:46.000000"
228,30,bikbbdnflnkjrhlgxxuf,ruyjw,1,29.00,0.09,31.61,"2024-04-08 10:32:33.000000"
229,40,fwvofhugvlsfwtfsbcgb,jrhkf,2,51.00,0.09,55.59,"2024-04-01 16:24:51.000000"
230,62,zdokmbwhucztvvthbmel,sjnmx,1,87.00,0.09,94.83,"2024-04-30 04:54:15.000000"
231,27,kepoajtsilhdsesbazwn,xzged,1,95.00,0.09,103.55,"2024-04-18 15:08:25.000000"
232,10,rfxycpqkeqsouenzmkon,bosxl,1,86.00,0.09,93.74,"2024-04-29 22:58:15.000000"
233,27,ljlekpvidqubvbtshhpb,mfpmn,1,13.00,0.09,14.17,"2024-04-07 23:54:07.000000"
234,80,gxtdhzfxdvtijwgoalgt,cepnu,1,77.00,0.09,83.93,"2024-04-16 22:41:33.000000"
235,36,fvscervfnyiqisoqlkos,wiwkm,1,29.00,0.09,31.61,"2024-04-30 03:24:08.000000"
236,2,etgaipbhlgwtcgwrtskv,aorrk,2,61.00,0.09,66.49,"2024-04-04 20:34:02.000000"
237,85,uoiytbuxeczrjsoqoulr,fvrve,1,22.00,0.09,23.98,"2024-04-02 01:46:32.000000"
238,54,oefnwycpsvyjypdusgxy,yaetk,2,90.00,0.09,98.10,"2024-04-19 17:57:27.000000"
239,45,jnkmhvklczturzysvbrf,xcptb,2,74.00,0.09,80.66,"2024-04-23 07:30:13.000000"
240,51,hxrpbiowpkhcorqexbop,jystp,2,82.00,0.09,89.38,"2024-04-27 23:15:38.000000"
241,6,pugtavgpitvyhljoqnqt,urdnh,2,99.00,0.09,107.91,"2024-04-20 09:29:34.000000"
242,28,llwcskvctpsuxdxgllym,mzmlv,2,66.00,0.09,71.94,"2024-04-23 12:42:56.000000"
243,80,tijxllwecbvcwefphpec,xjbdn,1,24.00,0.09,26.16,"2024-04-22 16:40:22.000000"
244,91,jeppecwdxhrmjkwefmtm,buwyf,1,93.00,0.09,101.37,"2024-04-10 11:08:03.000000"
245,80,bvdynscdmaqcpqlgwqpb,ldguh,1,53.00,0.09,57.77,"2024-04-12 06:54:08.000000"
246,31,kepkijxkgyfdxfibgcsi,lfqrj,2,27.00,0.09,29.43,"2024-04-21 16:02:20.000000"
247,66,fcvxcqadmejgeegrrjtt,nibes,1,85.00,0.09,92.65,"2024-04-18 02:55:05.000000"
248,33,xrqdtluuqtvwyfcsmgrt,shiux,1,82.00,0.09,89.38,"2024-04-03 08:42:19.000000"
249,97,oyewzhiwkimmvwvneeie,tlvyg,1,78.00,0.09,85.02,"2024-04-30 23:56:30.000000"
250,67,iqhkeqtwdwebvyhmrvfk,nhyxs,2,85.00,0.09,92.65,"2024-04-26 02:21:22.000000"
251,66,ttomumzpxuhyzbgboofi,xqlgy,1,21.00,0.09,22.89,"2024-04-30 05:56:45.000000"
252,28,ljmjkwhqlhafbnogoziq,hligg,2,10.00,0.09,10.90,"2024-04-23 23:36:35.000000"
253,55,klzpblcbawklxhpffibg,dxglm,1,10.00,0.09,10.90,"2024-04-05 06:08:53.000000"
254,42,rcktrzyufmxboqnrvefo,gnxyz,1,83.00,0.09,90.47,"2024-04-19 11:12:27.000000"
255,62,ghsskwdbtshjwiacilgx,vklbx,1,18.00,0.09,19.62,"2024-04-24 00:50:47.000000"
256,30,fcuseqvfmwxwsyoxbjrj,spwnw,2,20.00,0.09,21.80,"2024-04-02 13:29:46.000000"
257,67,fyfcvanndxhrnqqhnruc,xjyvi,1,22.00,0.09,23.98,"2024-04-30 00:57:00.000000"
258,21,dxjyuejgffnxdtmbvbpy,cktoq,1,37.00,0.09,40.33,"2024-04-14 07:01:15.000000"
259,14,ihityjcgydqwnwultkvb,qdsfu,1,69.00,0.09,75.21,"2024-04-06 08:26:30.000000"
260,84,qspxtbxnsfsytvamjkvz,lhdrb,1,77.00,0.09,83.93,"2024-04-09 21:14:38.000000"
261,19,bpzclbvanqrjwfmtkpxv,ifbmi,1,22.00,0.09,23.98,"2024-04-11 00:15:05.000000"
262,3,dppedarkbwkgzggmthcq,zacjq,1,35.00,0.09,38.15,"2024-04-18 17:50:13.000000"
263,91,tdgyzbjouigeflnkjoug,xuguj,1,41.00,0.09,44.69,"2024-04-06 08:14:08.000000"
264,67,txfhvjhivdejjrkxlikb,bbdlw,1,48.00,0.09,52.32,"2024-04-10 20:32:11.000000"
265,22,ctopgjdmzpxxvjgfhufo,hrouh,1,38.00,0.09,41.42,"2024-04-23 09:57:07.000000"
266,60,txliisqzbethcnlrazyv,hwody,1,17.00,0.09,18.53,"2024-04-19 14:41:55.000000"
267,61,exdvvrwjcksjrggmpqkb,yssjt,2,11.00,0.09,11.99,"2024-04-15 10:40:43.000000"
268,11,bztxgkgcsjriliiqgjxq,lihkf,2,59.00,0.09,64.31,"2024-04-12 10:50:17.000000"
269,16,qroszspxsuwakxjethbj,tsilh,1,75.00,0.09,81.75,"2024-04-10 19:27:21.000000"
270,41,bcftfrveidonwxwqnqrm,hbjso,2,18.00,0.09,19.62,"2024-04-05 17:16:27.000000"
271,28,wpiwjfyfdcwiviyywlrd,mbvbq,1,71.00,0.09,77.39,"2024-04-05 04:47:03.000000"
272,59,ntigglpqmjlcendympoz,hkfte,2,42.00,0.09,45.78,"2024-04-10 15:23:48.000000"
273,37,wgoboqmokhggodusgcqx,rrkxi,2,62.00,0.09,67.58,"2024-04-10 08:27:01.000000"
274,72,reuolmegvjkwedenannd,aqhlk,2,9.00,0.09,9.81,"2024-04-14 15:58:24.000000"
275,2,soqnqpexgkgcorpzfyfc,vbpxv,1,64.00,0.09,69.76,"2024-04-26 17:15:19.000000"
276,39,jrjqfctqyvgugsxnvpnr,yrmkn,1,84.00,0.09,91.56,"2024-04-22 08:06:21.000000"
277,6,dnfjimnbqdrbfxyaetih,nsdlv,2,63.00,0.09,68.67,"2024-04-20 00:24:52.000000"
278,31,qghqitwcrhjxocqywmww,rwhvg,2,1.00,0.09,1.09,"2024-04-24 21:04:32.000000"
279,96,kengmvrwjeraytxiwjhf,hsuwa,1,80.00,0.09,87.20,"2024-04-27 12:44:31.000000"
280,4,nofjetikwixssnjikepn,rzvhv,1,64.00,0.09,69.76,"2024-04-27 00:18:40.000000"
281,42,mgqnscgxujioukprrkxi,xphqh,1,55.00,0.09,59.95,"2024-04-10 12:15:03.000000"
282,95,tbvbtpvhyyywmvukqbfw,vqoxw,2,82.00,0.09,89.38,"2024-04-30 17:44:00.000000"
283,52,pjdkrgdyjxoyfefodwal,fqozg,1,37.00,0.09,40.33,"2024-04-06 01:44:02.000000"
284,76,hbmgtdihjyudgvltlwee,gsxlk,2,8.00,0.09,8.72,"2024-04-14 11:06:57.000000"
285,1,rleknklynrvegugwqmoj,bdnhu,1,22.00,0.09,23.98,"2024-04-23 07:42:35.000000"
286,7,cgwtftdhbkxkeqqjubso,ocurc,1,70.00,0.09,76.30,"2024-04-09 20:14:20.000000"
287,39,bayvhwmvseoixsvygljp,xsvzm,1,62.00,0.09,67.58,"2024-04-26 05:41:18.000000"
288,37,immwxbjrjuxfefoedfog,pfeib,1,13.00,0.09,14.17,"2024-04-26 20:55:41.000000"
289,95,eyisrfxajrjsnlqytxhr,osave,1,65.00,0.09,70.85,"2024-04-18 19:03:46.000000"
290,3,ipblbxkfumykbystnmsg,cophq,1,21.00,0.09,22.89,"2024-04-22 06:18:21.000000"
291,94,oxxyyxtatsjpybhgkiho,wsyst,2,49.00,0.09,53.41,"2024-04-24 11:36:43.000000"
292,46,xhrnpkeplokjnpiyrqbk,uwwwq,2,44.00,0.09,47.96,"2024-04-05 04:47:11.000000"
293,40,nmwwtcgydqxrqcnkjrhj,wjgcr,1,40.00,0.09,43.60,"2024-04-23 11:46:27.000000"
294,57,odxhrlhyybgdvumykdkr,gcton,2,30.00,0.09,32.70,"2024-04-17 11:23:54.000000"
295,85,pjdndemwwvofkjosyror,uxeef,2,98.00,0.09,106.82,"2024-04-11 03:18:29.000000"
296,78,vyfegrspuhxsyoyexcsh,itwct,2,63.00,0.09,68.67,"2024-04-12 07:53:25.000000"
297,1,xnuoiyufnzlgvmvumxfi,xrotf,2,15.00,0.09,16.35,"2024-04-14 17:22:29.000000"
298,85,vtemaosavejjpyyxvhae,uohud,1,83.00,0.09,90.47,"2024-04-12 15:05:28.000000"
299,48,fqmnddhbikdjlcdjnkon,amgxt,1,12.00,0.09,13.08,"2024-04-11 15:30:58.000000"
300,42,bwiwodwzkyqjvbuwblcd,jmido,2,22.00,0.09,23.98,"2024-04-09 19:47:35.000000"
301,84,hwoffnzkcdifcwebwdcb,xmprm,1,81.00,0.09,88.29,"2024-04-20 21:00:15.000000"
302,90,mrabdlutkreupnwtgwru,wcrdp,2,17.00,0.09,18.53,"2024-04-03 05:23:32.000000"
303,88,edgsxkikcfukpvknkjrg,eefqo,2,81.00,0.09,88.29,"2024-04-10 15:28:18.000000"
304,20,algvlsgygfhwobreulvv,qspyy,2,93.00,0.09,101.37,"2024-04-23 04:43:42.000000"
305,92,iyudeknlsethcprrhmne,iadnh,2,72.00,0.09,78.48,"2024-04-25 12:47:21.000000"
306,94,gixstsjorsqyxudfrspx,rttku,2,47.00,0.09,51.23,"2024-04-30 23:07:00.000000"
307,61,bkvcxglpoboqmmxgjepq,jxlkt,2,54.00,0.09,58.86,"2024-04-01 05:35:41.000000"
308,43,dgvoiwloklweflrzxpfg,rqevt,1,75.00,0.09,81.75,"2024-04-05 03:27:00.000000"
309,46,wzjvficmcztskvykyspx,uencu,2,28.00,0.09,30.52,"2024-04-06 21:20:16.000000"
310,16,flsfunddhzdpsushgkes,dikxl,1,88.00,0.09,95.92,"2024-04-02 11:42:33.000000"
311,63,zclwdwdarjvzmkpvkjsn,jgeap,2,12.00,0.09,13.08,"2024-04-20 08:10:32.000000"
312,87,kinoiwlppffkmehyadrx,pgiyv,1,33.00,0.09,35.97,"2024-04-15 20:11:43.000000"
313,50,zlhcomtjmkopitvzldko,qmogo,1,78.00,0.09,85.02,"2024-04-18 19:20:46.000000"
314,65,mjkyqhmokjmjhkfthbjr,kyoyb,1,50.00,0.09,54.50,"2024-04-16 07:01:36.000000"
315,8,vyhpeyhoydsfukpuekpr,rkwfi,1,40.00,0.09,43.60,"2024-04-23 14:34:21.000000"
316,58,qlgzfbmlqwocrevqsqcl,ynqrk,1,6.00,0.09,6.54,"2024-04-04 13:50:46.000000"
317,43,tmfmwwwrsqbhgjdmznsy,rotcc,1,47.00,0.09,51.23,"2024-04-28 19:41:04.000000"
318,25,llvvultmejhisqbksmgv,klccd,1,26.00,0.09,28.34,"2024-04-11 01:15:07.000000"
319,91,nxcnkkuwajsmigdxfgrr,juwcr,1,13.00,0.09,14.17,"2024-04-27 17:56:24.000000"
320,9,tomsgydtlweejfygixqk,awlng,2,72.00,0.09,78.48,"2024-04-15 23:46:34.000000"
321,36,hjzubwfloozhnthcmelp,ucbby,2,92.00,0.09,100.28,"2024-04-09 12:52:16.000000"
322,68,nqoxxtbzubwfkinqowrw,ixrow,2,73.00,0.09,79.57,"2024-04-18 20:19:06.000000"
323,81,guhafakaubsnmumcwedd,gyyxs,2,33.00,0.09,35.97,"2024-04-28 04:43:55.000000"
324,57,cusfxxxuemwyghrpxsxm,qrmmv,2,47.00,0.09,51.23,"2024-04-29 10:18:12.000000"
325,34,vdfofibgzinscdlwyiox,wruyj,2,55.00,0.09,59.95,"2024-04-29 05:12:38.000000"
326,8,oodymmbqcnhwpkcgxvog,nxbme,1,95.00,0.09,103.55,"2024-04-08 11:20:54.000000"
327,41,gcqzbfxyzcngstupsrip,ybgeb,2,22.00,0.09,23.98,"2024-04-04 15:10:12.000000"
328,95,kcgxxvkomtkqzbfvrxnu,lutik,2,50.00,0.09,54.50,"2024-04-21 20:13:58.000000"
329,99,vgqmkrgebrimlvxydtik,cfsys,2,16.00,0.09,17.44,"2024-04-25 13:06:09.000000"
330,62,pfdczsrfborriovnbsmg,svdde,1,82.00,0.09,89.38,"2024-04-21 23:06:43.000000"
331,5,eppeykcengobpwnbotce,ndats,1,24.00,0.09,26.16,"2024-04-11 09:39:22.000000"
332,5,esbbcijwgofeieuojdpp,ghtxk,1,16.00,0.09,17.44,"2024-04-28 08:23:24.000000"
333,11,upqkawjhecuwwvqovpmo,izzyt,1,86.00,0.09,93.74,"2024-04-06 01:34:50.000000"
334,28,wphpfhrpyadqtwcuvrax,rnrtt,2,32.00,0.09,34.88,"2024-04-01 03:46:53.000000"
335,10,laqfbqbhirnluokksmhy,wnzkz,2,90.00,0.09,98.10,"2024-04-05 20:07:11.000000"
336,12,celtngqnsyqirldiewxy,dsdok,1,19.00,0.09,20.71,"2024-04-04 13:38:55.000000"
337,4,vapwsyrlguihitxglolm,eklbx,1,44.00,0.09,47.96,"2024-04-26 17:39:49.000000"
338,99,juznojdmzovohrnogmrc,gains,2,84.00,0.09,91.56,"2024-04-06 23:00:27.000000"
339,48,ungofflnlngsxlmbuwxa,ghozh,1,42.00,0.09,45.78,"2024-04-22 13:41:32.000000"
340,35,ouigfhvhwqpbkweddfru,znsyr,2,70.00,0.09,76.30,"2024-04-25 05:31:06.000000"
341,96,jxpfehuguhxtccdjlfqp,bkxlj,1,32.00,0.09,34.88,"2024-04-05 20:32:59.000000"
342,86,ulvumaqgfjgziowtfqrn,mvvpo,1,32.00,0.09,34.88,"2024-04-18 01:40:38.000000"
343,90,tdhcmekmgtccftgycmde,oefoc,2,81.00,0.09,88.29,"2024-04-18 07:38:23.000000"
344,48,qucypfcuvscerytvyhnt,fszub,2,51.00,0.09,55.59,"2024-04-12 13:05:48.000000"
345,41,wgnwtftgwtccgwqozfyh,mnefo,1,28.00,0.09,30.52,"2024-04-25 15:33:55.000000"
346,28,xsvzlhcmfndxgmrwkikd,kopjx,2,31.00,0.09,33.79,"2024-04-20 08:01:37.000000"
347,33,rkztuumcattmehafygfk,ijxmp,2,20.00,0.09,21.80,"2024-04-05 18:17:12.000000"
348,23,qmngodxffmvrystrcikd,igefo,1,70.00,0.09,76.30,"2024-04-08 21:13:01.000000"
349,25,lktqvgugugwrrlcceplm,casqx,2,12.00,0.09,13.08,"2024-04-08 07:59:21.000000"
350,88,pmokjortshhpfdyoujka,tutik,1,83.00,0.09,90.47,"2024-04-04 12:21:25.000000"
351,11,fpkfwsbyqjvdbuzmmyir,mjkvc,2,8.00,0.09,8.72,"2024-04-24 22:57:42.000000"
352,76,jqyaethcophpdwcsiken,buupo,1,59.00,0.09,64.31,"2024-04-24 05:56:36.000000"
353,11,fsavddiewydrbesbcikb,awkhi,2,25.00,0.09,27.25,"2024-04-11 12:05:11.000000"
354,1,ywklxiucztskwfkhhmoi,zzabg,2,26.00,0.09,28.34,"2024-04-10 18:57:47.000000"
355,86,hxsxixoezosbxoctmfmu,nixqk,1,72.00,0.09,78.48,"2024-04-01 03:12:10.000000"
356,88,jethdsjnncusesdjorri,oxvmw,2,19.00,0.09,20.71,"2024-04-01 15:00:48.000000"
357,56,svdcyrmjjqfdxfgqlgwq,rmjhj,1,5.00,0.09,5.45,"2024-04-05 02:12:06.000000"
358,54,hstqwmuojclwdxgmpnxy,comvr,2,34.00,0.09,37.06,"2024-04-03 08:37:27.000000"
359,38,qbjqfyffklwdymlvunfj,hkaxo,2,28.00,0.09,30.52,"2024-04-14 08:42:42.000000"
360,39,pwnbpwndwefmsgzhlhbk,yoybh,1,73.00,0.09,79.57,"2024-04-21 09:33:12.000000"
361,24,dymknocuuqrorsqyxqov,oiwjf,2,5.00,0.09,5.45,"2024-04-14 13:42:43.000000"
362,12,gtfrtvwxwszuxfjeqtvw,wukor,2,1.00,0.09,1.09,"2024-04-08 08:42:27.000000"
363,20,hsspsuxctnibilepmpmq,vgqou,1,1.00,0.09,1.09,"2024-04-06 23:30:30.000000"
364,100,jvdbvapxvnyfgpgiytyo,wtcfr,2,41.00,0.09,44.69,"2024-04-11 01:55:17.000000"
365,47,ieumegrtuqtxkfteqsot,difbq,1,48.00,0.09,52.32,"2024-04-05 02:27:16.000000"
366,26,vnyjwgrpblyoxvofibhg,ixpff,1,81.00,0.09,88.29,"2024-04-17 03:39:52.000000"
367,30,vibgezmlsijwkgcreryt,xhqir,1,43.00,0.09,46.87,"2024-04-19 13:11:38.000000"
368,83,hyvlonakcdlusdlvyfcv,amkon,2,40.00,0.09,43.60,"2024-04-30 06:16:25.000000"
369,71,pvlqyxqkcheamknlrdne,hzcly,1,47.00,0.09,51.23,"2024-04-28 02:09:30.000000"
370,14,yivflqytzqeanncwcvvu,kptdg,2,82.00,0.09,89.38,"2024-04-10 08:18:58.000000"
371,13,rcjoruyliexdxdvvsceo,jbgbm,1,96.00,0.09,104.64,"2024-04-29 07:39:28.000000"
372,85,knlopecxkhfdykdkpxrq,fdxgm,2,84.00,0.09,91.56,"2024-04-07 08:21:19.000000"
373,56,ecxiudgwofixrrkyovqp,dtlzo,2,72.00,0.09,78.48,"2024-04-29 01:21:19.000000"
374,53,umbtoqmlwyffibesdkpw,qnszv,1,53.00,0.09,57.77,"2024-04-30 16:29:05.000000"
375,38,xlnizabesbdnhtzrmgwo,gnxyb,1,62.00,0.09,67.58,"2024-04-02 12:00:46.000000"
376,40,uwxyclympowvluprnqpb,jsnji,2,70.00,0.09,76.30,"2024-04-26 13:36:10.000000"
377,19,kjqclccbbdksinrtskvy,hmquz,2,97.00,0.09,105.73,"2024-04-02 13:11:19.000000"
378,37,riqduomprnohqlgvmxez,nrwgn,2,23.00,0.09,25.07,"2024-04-07 19:45:06.000000"
379,48,rabciitrgeylhagdvwye,wygee,1,4.00,0.09,4.36,"2024-04-08 22:40:32.000000"
380,23,iwnzjvehxufoiubuxffl,onxbl,1,91.00,0.09,99.19,"2024-04-13 00:33:45.000000"
381,30,gkgaiqghrnpmokjmjkyo,xwrts,1,74.00,0.09,80.66,"2024-04-16 10:14:07.000000"
382,38,ilhahjbbdmdbypfegrts,ijxoy,1,71.00,0.09,77.39,"2024-04-06 15:16:24.000000"
383,83,oiyufoeczqipcnkmelpt,whpiq,1,98.00,0.09,106.82,"2024-04-21 11:24:36.000000"
384,51,muprovkophqjvddgvmww,wqoyd,2,12.00,0.09,13.08,"2024-04-16 09:24:19.000000"
385,21,mvqtykeqpggqiubvyirl,encwc,2,63.00,0.09,68.67,"2024-04-25 08:17:43.000000"
386,19,nzlenehuekopjzwlomti,hmohv,1,93.00,0.09,101.37,"2024-04-24 03:30:10.000000"
387,9,cfuknknjfwvoiwnvsbzw,kkuuq,2,66.00,0.09,71.94,"2024-04-05 08:19:11.000000"
388,77,krhhowwrrlfpjcikbwll,ykdlt,2,25.00,0.09,27.25,"2024-04-22 09:12:45.000000"
389,84,brhivekkwdynqttnjhjx,oyfam,1,68.00,0.09,74.12,"2024-04-03 00:03:55.000000"
390,33,kdjkwiwkkwedccencwef,nxexe,1,83.00,0.09,90.47,"2024-04-29 11:24:27.000000"
391,27,lmcympmolontkqyxqmmx,gizxr,2,43.00,0.09,46.87,"2024-04-01 20:23:43.000000"
392,86,fkjqdsfvnfklbuwyggoc,slxgo,1,43.00,0.09,46.87,"2024-04-03 07:36:21.000000"
393,11,hewxxxwocwbrfborrkzt,toodv,2,24.00,0.09,26.16,"2024-04-09 15:08:42.000000"
394,74,uurysrfbnnbrgfhufqpy,bkvao,2,71.00,0.09,77.39,"2024-04-17 02:07:11.000000"
395,56,fgstqadmcasrfzhmpmry,strcl,2,99.00,0.09,107.91,"2024-04-11 07:40:21.000000"
396,78,vyfdzqfdzpzfyfgmquek,lcyrl,1,49.00,0.09,53.41,"2024-04-29 04:47:07.000000"
397,26,lnfkmgtcelusdnfjhitv,xcqxq,2,62.00,0.09,67.58,"2024-04-17 04:28:44.000000"
398,86,rsrhisrilifdarkyowug,xwplk,2,86.00,0.09,93.74,"2024-04-14 13:58:01.000000"
399,71,erwkkusfxxvncvbnpjyr,qcmei,1,87.00,0.09,94.83,"2024-04-26 02:21:23.000000"
400,59,kgycpqnqrmklccfrtutl,usfwt,1,39.00,0.09,42.51,"2024-04-17 18:57:06.000000"
401,64,mnfidpodyjwizzywnwvp,molkt,2,56.00,0.09,61.04,"2024-04-03 06:49:41.000000"
402,72,jrjtqywmvsbbdkqbhgix,qjyqi,2,79.00,0.09,86.11,"2024-04-21 06:03:21.000000"
403,1,bcjorrldgvncuvvoiysv,xffjh,1,88.00,0.09,95.92,"2024-04-10 16:50:55.000000"
404,99,ywlpssldenedgsyrmigf,ixrqf,1,98.00,0.09,106.82,"2024-04-15 16:20:59.000000"
405,53,ehxsvdbuwctmehbinpmq,rlfrw,1,64.00,0.09,69.76,"2024-04-13 12:33:49.000000"
406,20,saxnvpllvvseojdmbsle,myhoy,1,69.00,0.09,75.21,"2024-04-04 03:01:58.000000"
407,46,ykdkrfyewydtmbvykcdk,pxsux,1,77.00,0.09,83.93,"2024-04-17 09:32:03.000000"
408,44,njfajturberyubwhtwgl,lykgz,1,3.00,0.09,3.27,"2024-04-16 10:49:21.000000"
409,51,amltksjsnnxainqqiqgf,klwbr,1,14.00,0.09,15.26,"2024-04-29 20:19:54.000000"
410,41,eplnhsvbqckwgmqubwgo,zjvcw,1,15.00,0.09,16.35,"2024-04-09 10:02:28.000000"
411,96,xtcenefnbrgfhugrsnmt,kqdqw,1,45.00,0.09,49.05,"2024-04-30 04:26:51.000000"
412,55,uighqjxoyduollymncwg,mseqt,2,6.00,0.09,6.54,"2024-04-20 08:30:42.000000"
413,8,lymmaqdrbcjmltjqdptx,kgxzd,2,89.00,0.09,97.01,"2024-04-15 13:24:35.000000"
414,77,jnndzouhblbyowvnctpt,ynryq,1,5.00,0.09,5.45,"2024-04-02 00:12:20.000000"
415,4,bftfsawlmehbhhnwsxmr,yucxk,1,21.00,0.09,22.89,"2024-04-05 11:30:40.000000"
416,15,hxwodbsldhbkvykavfnb,nmwwv,1,96.00,0.09,104.64,"2024-04-10 11:22:03.000000"
417,72,pxtdfqpdwxzfcutlvzjv,eidok,1,92.00,0.09,100.28,"2024-04-08 19:08:52.000000"
418,57,cpwqnpoyfzkaveievsbz,vhxst,2,45.00,0.09,49.05,"2024-04-29 20:09:29.000000"
419,48,mbrhistnkjsmhwncuune,jimkn,2,4.00,0.09,4.36,"2024-04-18 08:47:08.000000"
420,80,gtdkoqlhduollymlwzip,dtjre,2,99.00,0.09,107.91,"2024-04-07 23:35:11.000000"
421,20,htcztvxcoqouidtmzowq,qiqhm,1,7.00,0.09,7.63,"2024-04-25 15:04:44.000000"
422,93,ezmknklynthbipzdsdmd,bvfkk,2,65.00,0.09,70.85,"2024-04-28 23:59:11.000000"
423,74,wefmuojdmbvbqclxjzwj,gbnof,1,59.00,0.09,64.31,"2024-04-08 03:12:29.000000"
424,45,meicnjgbmhxtcdjldgvo,fjgcq,1,10.00,0.09,10.90,"2024-04-14 17:58:01.000000"
425,1,rhmmznpllurachdupqiu,znqoz,1,11.00,0.09,11.99,"2024-04-27 14:56:49.000000"
426,13,ylgwtccgxybfakyrlemz,lgxxv,1,53.00,0.09,57.77,"2024-04-13 07:16:35.000000"
427,47,ddifbqdpstshfdcavcwg,pfgob,2,63.00,0.09,68.67,"2024-04-15 21:33:48.000000"
428,60,nsdndatsjqexblbxntij,uwbnn,1,77.00,0.09,83.93,"2024-04-18 19:39:02.000000"
429,69,qfbotbxnwuighqiqgixo,ebtqy,2,8.00,0.09,8.72,"2024-04-01 11:50:38.000000"
430,88,ixstrerxoborttnizbgc,shgje,2,59.00,0.09,64.31,"2024-04-04 14:54:50.000000"
431,85,wuihkeokfwvplksilhah,iubux,1,84.00,0.09,91.56,"2024-04-26 17:32:18.000000"
432,78,hdtktnibfxxyadqvflsg,akwgm,2,13.00,0.09,14.17,"2024-04-16 01:01:23.000000"
433,13,didtikccgxwrvapyywog,nthff,1,76.00,0.09,82.84,"2024-04-01 09:55:18.000000"
434,80,xfgpgkgcqacjpybgecyo,wsxln,1,87.00,0.09,94.83,"2024-04-14 17:27:44.000000"
435,69,bgydsikysqdsdmcvdynr,xlnic,1,70.00,0.09,76.30,"2024-04-10 05:34:30.000000"
436,46,jlbypebrhjxocrdomqua,sqzbd,2,71.00,0.09,77.39,"2024-04-21 06:22:07.000000"
437,25,fiabdomsciioxwsvehyw,nxbky,2,81.00,0.09,88.29,"2024-04-14 09:22:56.000000"
438,81,rchdtnibgbkbxllxhsrf,crgfi,2,54.00,0.09,58.86,"2024-04-30 11:17:44.000000"
439,32,qgjyvibgcqbeumbrjtrc,kuuqt,2,18.00,0.09,19.62,"2024-04-06 17:10:51.000000"
440,44,pqkemykdkpvklbwhuelq,zyxph,2,49.00,0.09,53.41,"2024-04-12 23:39:40.000000"
441,55,nyfdyouhdtktqvidokim,mwxcp,2,60.00,0.09,65.40,"2024-04-30 09:16:24.000000"
442,11,prpyaeundbwflnhufofk,hhpbm,1,25.00,0.09,27.25,"2024-04-05 20:53:43.000000"
443,9,ymqqhnvneeigdvyhoydq,yufpl,1,50.00,0.09,54.50,"2024-04-12 05:27:48.000000"
444,40,vyjypecuurxpffmsfvnd,cccgx,2,70.00,0.09,76.30,"2024-04-24 16:21:02.000000"
445,87,ygiuarjuyjwixrpageeg,rtrfw,2,48.00,0.09,52.32,"2024-04-28 07:44:20.000000"
446,13,xffkioszuxjxnxbipblz,qfdbt,2,27.00,0.09,29.43,"2024-04-06 11:07:46.000000"
447,13,ccembqcnkmccdjmhwrqh,jytxj,1,5.00,0.09,5.45,"2024-04-04 20:10:23.000000"
448,52,flnkktprrgitwdyjytvy,jubri,2,91.00,0.09,99.19,"2024-04-24 16:14:13.000000"
449,25,vlshgjdnhudeohqkcfvo,fkhit,2,43.00,0.09,46.87,"2024-04-29 09:31:07.000000"
450,46,ktlbtupstsgbnkmejhiv,egvls,1,75.00,0.09,81.75,"2024-04-07 07:12:43.000000"
451,82,mvwtgxxwnxeyjyrmjlcc,gvltm,1,33.00,0.09,35.97,"2024-04-05 06:11:20.000000"
452,74,gcqwpgkksmdgugwqqgiw,klwfi,1,6.00,0.09,6.54,"2024-04-09 09:14:54.000000"
453,23,hqmjmfplkqdnizbgcqbe,sfsbz,2,37.00,0.09,40.33,"2024-04-07 09:22:34.000000"
454,98,gixnyggocqcksjsleluo,lpqlf,2,28.00,0.09,30.52,"2024-04-01 13:47:04.000000"
455,28,hrlfrwhsweflsetftgvn,briml,2,44.00,0.09,47.96,"2024-04-28 16:00:31.000000"
456,32,udfrsnnyitutjnohrmmx,dvxcq,2,98.00,0.09,106.82,"2024-04-28 08:18:41.000000"
457,64,ljkyoxafamifzjuykfsb,zwkks,1,99.00,0.09,107.91,"2024-04-20 01:51:07.000000"
458,23,gnvsawjeumznohtwdxiw,kikel,2,87.00,0.09,94.83,"2024-04-24 16:32:39.000000"
459,36,kwhtvbsjqdrbfycmhxtc,dkqyv,1,41.00,0.09,44.69,"2024-04-26 16:41:36.000000"
460,7,tptxkgxxujhhpghrpxug,wpjxr,2,53.00,0.09,57.77,"2024-04-03 21:09:49.000000"
461,92,iuzqexcqbfyfbqafziow,szuyn,2,61.00,0.09,66.49,"2024-04-05 17:54:37.000000"
462,97,jubvannbpyyadqstprpx,xuicl,1,93.00,0.09,101.37,"2024-04-14 04:09:49.000000"
463,43,uupoajvcvxcrfxbjrjsm,haewt,1,10.00,0.09,10.90,"2024-04-20 05:48:51.000000"
464,92,qkeqsskutlykgxvmyhnu,jkxiz,2,54.00,0.09,58.86,"2024-04-30 20:00:18.000000"
465,37,vcvzlgyyxudgxvmwziow,rtsjp,2,76.00,0.09,82.84,"2024-04-02 08:02:12.000000"
466,97,sqafzjttmddgxwnctooc,tnidq,2,40.00,0.09,43.60,"2024-04-11 03:42:06.000000"
467,53,pkfvpljmhybgbmjkwgnv,pmpoa,1,1.00,0.09,1.09,"2024-04-25 03:15:27.000000"
468,100,ovofllasorspsuxgjful,skvxd,2,71.00,0.09,77.39,"2024-04-03 14:28:53.000000"
469,33,jwgoecwhqkemxgljpxsw,hstsi,1,95.00,0.09,103.55,"2024-04-19 02:37:51.000000"
470,18,cuwwvpmokgdtkvalhafb,mifbn,1,88.00,0.09,95.92,"2024-04-28 17:48:03.000000"
471,1,ggkhhlktnlnibfxxvltm,dbztv,2,13.00,0.09,14.17,"2024-04-26 03:50:04.000000"
472,82,ojbgbmhwrtrdonumbvxe,cynsy,2,61.00,0.09,66.49,"2024-04-28 14:33:22.000000"
473,80,fqrjwhsrjuuqudgvmvsc,fumxf,1,30.00,0.09,32.70,"2024-04-29 11:27:44.000000"
474,87,mwxxwoecxlmzovndbttm,eknjh,1,54.00,0.09,58.86,"2024-04-26 11:22:34.000000"
475,65,rnohstqxswfhxtxkeqrp,uigdx,1,41.00,0.09,44.69,"2024-04-11 14:03:51.000000"
476,54,pmmcvaoswgofejfyfdxi,vfnbn,2,46.00,0.09,50.14,"2024-04-13 10:14:39.000000"
477,72,jqbkvctnjhirotavdbyq,kzttq,2,43.00,0.09,46.87,"2024-04-16 14:46:50.000000"
478,33,cktprqfzldkpuelsgcrd,ojgeb,2,78.00,0.09,85.02,"2024-04-15 22:37:17.000000"
479,17,jhhoajtuprpyyadprpxw,pivej,1,23.00,0.09,25.07,"2024-04-12 07:32:06.000000"
480,20,wsyroqpdvtikxjervflq,xphpc,2,3.00,0.09,3.27,"2024-04-06 06:15:15.000000"
481,80,lwakzttoocsjsnidsdnd,eigfg,2,69.00,0.09,75.21,"2024-04-11 11:14:02.000000"
482,70,lbwkgaioxvmwbmiclylj,kzsrg,1,94.00,0.09,102.46,"2024-04-09 07:23:59.000000"
483,59,dtngsxlijvcvbskxjbbf,ukpuh,2,66.00,0.09,71.94,"2024-04-18 12:12:08.000000"
484,97,cnhywnboruwcrdomthdv,ukrdo,1,41.00,0.09,44.69,"2024-04-24 19:30:51.000000"
485,76,ktqxrotdihkeoiwoctpp,irmko,2,22.00,0.09,23.98,"2024-04-11 04:38:56.000000"
486,6,gdtolmcxmppduqucbyro,ufpmo,1,11.00,0.09,11.99,"2024-04-14 06:40:45.000000"
487,91,fjdnflooebrjriqdtksk,wdbuy,1,54.00,0.09,58.86,"2024-04-26 20:45:21.000000"
488,71,xoxycnjikbchfbqcmgsw,egtbx,2,90.00,0.09,98.10,"2024-04-26 02:51:05.000000"
489,52,ctrbeqrpaesdlvwybipy,bikdj,1,32.00,0.09,34.88,"2024-04-04 16:21:10.000000"
490,68,zxocrhgkiirjwfmumcwd,zowrv,1,99.00,0.09,107.91,"2024-04-19 20:56:25.000000"
491,20,ctqvgsynvncxhqlhblcb,zubso,2,31.00,0.09,33.79,"2024-04-23 11:26:11.000000"
492,83,waipybhgmrvhvlpubwht,weekn,1,99.00,0.09,107.91,"2024-04-01 23:39:59.000000"
493,21,xzexajuwygfjdngrqfbo,rsnnz,1,19.00,0.09,20.71,"2024-04-19 12:13:35.000000"
494,54,ulusfwvltlzovogobooh,pfhrn,2,65.00,0.09,70.85,"2024-04-10 06:32:29.000000"
495,60,cnlnklbwfmrzxodwdxgk,jnqov,2,48.00,0.09,52.32,"2024-04-17 19:41:19.000000"
496,38,fvsyqjubsmibimjmgswg,ocrhh,2,15.00,0.09,16.35,"2024-04-28 07:03:43.000000"
497,13,wcqdolppispuhyadquej,hkcgw,2,6.00,0.09,6.54,"2024-04-02 21:34:34.000000"
498,15,ngocutlwdwdyjwlonwui,famig,1,71.00,0.09,77.39,"2024-04-19 22:14:42.000000"
499,5,imjmgtekqzabgajsmicl,bxmoj,1,96.00,0.09,104.64,"2024-04-05 00:51:38.000000"
500,80,poakyntighrpwpkepnvq,sosvd,1,75.00,0.09,81.75,"2024-04-21 12:17:02.000000"
501,19,vszucypdupqkdkqyyyuc,dgybh,1,53.00,0.09,57.77,"2024-04-25 10:44:43.000000"
502,51,cwdykfscgxujjspsuwaj,uwcqa,1,67.00,0.09,73.03,"2024-04-28 12:23:16.000000"
503,59,ecwfiacktnjimmznnbqe,wvrts,1,94.00,0.09,102.46,"2024-04-13 09:16:35.000000"
504,25,ahkfvnehvhbgbpugsyro,qowte,2,6.00,0.09,6.54,"2024-04-23 04:41:34.000000"
505,55,mvrwlomqwjerbcjnnaml,simmw,1,49.00,0.09,53.41,"2024-04-10 16:10:56.000000"
506,16,vrvhvlprrjsnmwvpntih,kdmcw,1,24.00,0.09,26.16,"2024-04-20 02:37:49.000000"
507,50,ohstsfvqqjtusftgahit,vygix,2,66.00,0.09,71.94,"2024-04-07 00:37:47.000000"
508,4,otdgyzcjqdservfmtijv,eiclz,2,10.00,0.09,10.90,"2024-04-20 14:30:22.000000"
509,97,wnwukrfyghqjxlmbuxed,atuqt,1,70.00,0.09,76.30,"2024-04-15 05:45:36.000000"
510,28,yyyyvkmdhyyzbgzhljnn,zldjk,1,82.00,0.09,89.38,"2024-04-02 14:35:40.000000"
511,82,wakbxlmbtretightwdyl,jlfqn,2,36.00,0.09,39.24,"2024-04-13 09:58:47.000000"
512,100,srgfhvicngswgqjyqhnu,jlfqo,2,10.00,0.09,10.90,"2024-04-17 23:09:06.000000"
513,56,cskuwyevvqqjtutktood,vungr,2,98.00,0.09,106.82,"2024-04-03 18:24:55.000000"
514,53,jhgkikawhvicmeicmehb,jqcoo,1,5.00,0.09,5.45,"2024-04-24 12:52:08.000000"
515,78,nhwlqwlomtjlfswhviad,prmkq,2,69.00,0.09,75.21,"2024-04-21 16:36:26.000000"
516,39,vdbxkihntftdiiqgiudf,piwln,1,30.00,0.09,32.70,"2024-04-10 08:32:41.000000"
517,69,mkprpblyowqrjwgnziqg,gnuoh,2,10.00,0.09,10.90,"2024-04-04 17:10:08.000000"
518,33,gfkhebrjsnnxdtlxglpp,ebrjr,1,93.00,0.09,101.37,"2024-04-13 12:05:14.000000"
519,32,irjwfklwfhxrpagfiwms,fwrwj,1,71.00,0.09,77.39,"2024-04-02 16:30:25.000000"
520,16,ppdwzhnrxlokimjmfofj,gcqad,2,49.00,0.09,53.41,"2024-04-22 08:14:53.000000"
521,11,krdpqmjlcdjmhbimmyis,pvjhk,1,24.00,0.09,26.16,"2024-04-29 13:06:10.000000"
522,4,jpyafzhmojcjnpljorqg,hrmlt,1,9.00,0.09,9.81,"2024-04-30 12:55:50.000000"
523,69,lfqpewxahljmhbgdwygj,cgyds,1,100.00,0.09,109.00,"2024-04-09 09:33:15.000000"
524,42,gydsfwtgwqpconyiqhmo,huemu,2,26.00,0.09,28.34,"2024-04-21 19:09:06.000000"
525,72,njhituumddeofkkslccf,qrkbz,2,23.00,0.09,25.07,"2024-04-19 12:42:27.000000"
526,40,engnyhnszvgqnscenflo,lonyf,1,19.00,0.09,20.71,"2024-04-13 23:12:29.000000"
527,61,swdbuxfiwmrbcilenehv,lpqlf,2,18.00,0.09,19.62,"2024-04-18 21:45:46.000000"
528,47,ngpgnvojbcjosyrlfpmp,pdvvq,2,30.00,0.09,32.70,"2024-04-18 11:32:09.000000"
529,3,jttolmdgrvcxhtxiwkly,mlwdv,2,67.00,0.09,73.03,"2024-04-25 15:58:51.000000"
530,13,elqwnxdupoblfoiwkmcz,ttopg,1,40.00,0.09,43.60,"2024-04-21 20:15:03.000000"
531,30,kbzxobpvmtjnmuqsutks,lypze,2,98.00,0.09,106.82,"2024-04-06 04:55:15.000000"
532,96,giyubxjdmbvcuuppgjch,dtlwe,1,55.00,0.09,59.95,"2024-04-03 02:21:52.000000"
533,72,ktretjnncvyhoxwqowsa,vgrqe,2,78.00,0.09,85.02,"2024-04-10 23:56:53.000000"
534,35,spuhyxtdfrsreunefphs,trdok,1,36.00,0.09,39.24,"2024-04-26 12:15:48.000000"
535,19,kktpvhwodylkpwqljlem,wajwf,1,17.00,0.09,18.53,"2024-04-25 05:33:54.000000"
536,54,gocrhhntfsbzwkhiroqp,cqvjg,1,92.00,0.09,100.28,"2024-04-07 07:24:04.000000"
537,30,vklxjbbeseoiaacikbxm,rbdkq,1,13.00,0.09,14.17,"2024-04-18 20:33:41.000000"
538,62,hntgycooezosaveidqvh,vlprr,1,47.00,0.09,51.23,"2024-04-14 02:50:14.000000"
539,79,qtwdzowtfqpeaotbbzxn,vqspv,1,57.00,0.09,62.13,"2024-04-18 09:13:23.000000"
540,21,hudhbjpxvlpssopitwcv,xcqbe,2,16.00,0.09,17.44,"2024-04-18 17:25:32.000000"
541,50,rxqisqbjqdtihnrvgsts,hfegq,2,92.00,0.09,100.28,"2024-04-26 10:21:10.000000"
542,50,yhllxfizzaabgduonxco,phqir,2,47.00,0.09,51.23,"2024-04-25 00:31:00.000000"
543,61,qjvcxhstooeegsuzmkoo,cushh,2,67.00,0.09,73.03,"2024-04-25 21:46:07.000000"
544,16,hvnyffiacjouhybjqdqw,nakcc,1,99.00,0.09,107.91,"2024-04-06 10:47:23.000000"
545,95,ebrimkorrjrldhbjrhjy,sqdti,1,96.00,0.09,104.64,"2024-04-19 02:34:35.000000"
546,17,zmkoofgofflpsrjsmhbh,fhvgt,1,33.00,0.09,35.97,"2024-04-07 19:50:17.000000"
547,17,efqntfsbytynpoyfamjk,xkhdv,2,28.00,0.09,30.52,"2024-04-04 13:49:39.000000"
548,78,nfmwvrtvxcoqpxxsxmng,stqbd,2,66.00,0.09,71.94,"2024-04-13 18:25:59.000000"
549,18,pkgybipxvltksmgqoukp,tbvfj,1,35.00,0.09,38.15,"2024-04-26 15:36:24.000000"
550,24,qkdmbtsjosyoxwrsoqmm,xdxgl,2,31.00,0.09,33.79,"2024-04-29 07:39:56.000000"
551,80,dgwsyozhkdlvuollzowp,llxee,1,92.00,0.09,100.28,"2024-04-23 12:49:29.000000"
552,100,srgecymppdtomtikyqhn,ukrdp,2,26.00,0.09,28.34,"2024-04-14 05:59:28.000000"
553,45,xgkjnohrotfruzmmwcsk,tpstp,2,19.00,0.09,20.71,"2024-04-16 09:46:16.000000"
554,2,osyrlemyjwkkrewxwpll,xdznr,2,25.00,0.09,27.25,"2024-04-20 00:04:45.000000"
555,44,gzfyhnrwhwodxfjdmbtt,ksnid,2,82.00,0.09,89.38,"2024-04-05 08:02:45.000000"
556,29,aevtfvlvserxpdwcsimm,vvrxn,2,53.00,0.09,57.77,"2024-04-05 23:17:11.000000"
557,27,vkomungphpgjbdktptxh,rotfr,2,8.00,0.09,8.72,"2024-04-27 17:18:26.000000"
558,23,mqwjgcpxrqfbqcnjhfgm,uppcs,1,63.00,0.09,68.67,"2024-04-02 12:23:01.000000"
559,37,rimncynqtvwwvndbwegs,uyjxp,1,74.00,0.09,80.66,"2024-04-13 03:21:25.000000"
560,81,vsbdkrfwwsawkijuapyz,dqvgq,2,69.00,0.09,75.21,"2024-04-26 17:43:44.000000"
561,24,pjxnwtenehugtemxgjck,tpqmm,2,12.00,0.09,13.08,"2024-04-26 18:15:58.000000"
562,95,eyhntgwqoahjxobldhcm,ejjsn,1,52.00,0.09,56.68,"2024-04-10 23:39:52.000000"
563,13,pstqvkmfmuppdvvthbkv,anqoy,1,47.00,0.09,51.23,"2024-04-04 09:54:01.000000"
564,19,ohtxjaaytzrjuxdwbpvl,qxpgm,2,89.00,0.09,97.01,"2024-04-13 15:43:36.000000"
565,46,aqfdzpblcbyqisqyywpk,djmhy,2,68.00,0.09,74.12,"2024-04-20 17:59:10.000000"
566,28,kgydseryubwegtyqfdbw,gqjvg,2,13.00,0.09,14.17,"2024-04-29 02:48:08.000000"
567,33,uzpcptyovojabfulvvsy,uarlc,1,100.00,0.09,109.00,"2024-04-26 11:32:04.000000"
568,27,ufohqlhcpsuurxqmjldf,tdjju,2,94.00,0.09,102.46,"2024-04-03 23:44:47.000000"
569,69,donvrxoyfedejjuwydrf,unehy,2,44.00,0.09,47.96,"2024-04-19 00:27:50.000000"
570,71,smiclzpahivegtbysslc,avegr,2,77.00,0.09,83.93,"2024-04-17 04:34:16.000000"
571,40,jovkmelrcikaxmqtwdzp,bjqfc,2,64.00,0.09,69.76,"2024-04-26 06:11:36.000000"
572,32,bgbpvjjrkvbqdptzpcon,bpwnc,2,70.00,0.09,76.30,"2024-04-04 05:41:02.000000"
573,47,ynpnscfvqpbldhyyxrsm,hxuhb,1,36.00,0.09,39.24,"2024-04-27 15:42:56.000000"
574,39,gctkvanofhtbvcwdzpcp,uekpt,2,42.00,0.09,45.78,"2024-04-09 10:13:05.000000"
575,16,yiqjuapbhivehxsvzlji,qewwv,2,21.00,0.09,22.89,"2024-04-12 10:36:59.000000"
576,30,ittomsgxxufqrmgwpivg,piwkj,2,7.00,0.09,7.63,"2024-04-14 06:24:47.000000"
577,1,rkbwiacksmdgtdgybgfh,txhro,2,87.00,0.09,94.83,"2024-04-07 05:34:00.000000"
578,46,qxpfixpjxnukrevqtvxa,intep,1,49.00,0.09,53.41,"2024-04-03 00:00:58.000000"
579,88,fhwmvseppdurysvyirkx,mppfg,2,34.00,0.09,37.06,"2024-04-25 01:43:56.000000"
580,2,rjuyisqclasnlpuccdko,suvti,1,77.00,0.09,83.93,"2024-04-23 19:48:06.000000"
581,53,idngrqevthbkypewzhkg,bjrhm,2,42.00,0.09,45.78,"2024-04-10 11:03:46.000000"
582,35,tvwwvmygjdnfnamhclat,rdqtv,2,22.00,0.09,23.98,"2024-04-08 00:27:14.000000"
583,54,yffiyxqnpljmkoqnrwia,bckuu,1,10.00,0.09,10.90,"2024-04-01 02:27:24.000000"
584,74,resdmbrkxjdlvwxwsyqj,wixsu,2,46.00,0.09,50.14,"2024-04-01 08:15:24.000000"
585,69,juvwvndbxkiisosxlmym,lurxr,2,11.00,0.09,11.99,"2024-04-19 17:52:45.000000"
586,81,ejhlhdurwicmddfqpbkw,iufmu,2,42.00,0.09,45.78,"2024-04-12 23:32:59.000000"
587,76,onxahkchggnvsbdjoqpb,jrkyn,2,32.00,0.09,34.88,"2024-04-07 16:23:43.000000"
588,19,gqmoizxrqewydrbdniyw,lpqkb,1,9.00,0.09,9.81,"2024-04-10 02:23:41.000000"
589,27,kfukqyvidpqjwjdppglk,pywpi,2,17.00,0.09,18.53,"2024-04-11 03:06:49.000000"
590,20,ygjcjlelretjkbxmprmj,lcave,1,83.00,0.09,90.47,"2024-04-11 18:18:52.000000"
591,32,nqrlfpmnfklbwiwmtksi,mjlbw,1,59.00,0.09,64.31,"2024-04-08 06:46:43.000000"
592,45,mdemyhnvpnryrouguftd,ieyho,2,23.00,0.09,25.07,"2024-04-05 21:12:39.000000"
593,14,foedceoflmfoefmvqude,knjhj,2,85.00,0.09,92.65,"2024-04-08 07:31:19.000000"
594,69,rkwflnidniclylkrcmcz,sosvb,2,58.00,0.09,63.22,"2024-04-20 04:02:03.000000"
595,48,lurxoctniyxrqcpqnojz,xrosx,2,78.00,0.09,85.02,"2024-04-11 15:09:33.000000"
596,44,dhbkvbskxjaabdolnfnx,bmgvl,2,9.00,0.09,9.81,"2024-04-11 20:06:10.000000"
597,57,tavejhistmgufrvbtsgb,oodbs,1,19.00,0.09,20.71,"2024-04-17 00:55:16.000000"
598,13,bsosuwxahlkqxrsortqy,ywnyh,1,63.00,0.09,68.67,"2024-04-20 18:00:55.000000"
599,41,bcfsawmrxqjwibdolmca,tslym,1,9.00,0.09,9.81,"2024-04-28 07:03:52.000000"
600,31,ubvbtpufodaqgfhxpkbc,jmicn,1,35.00,0.09,38.15,"2024-04-18 00:33:10.000000"
601,81,idqvgsxixstoqlkopkdm,xfibd,1,4.00,0.09,4.36,"2024-04-24 05:50:55.000000"
602,76,mbvdaspugtcepkilemxd,yhqjx,1,48.00,0.09,52.32,"2024-04-02 13:58:03.000000"
603,84,aovnyjubsophrpyxsuvw,wrvcv,1,57.00,0.09,62.13,"2024-04-23 13:20:24.000000"
604,8,dluthghqiuykcgwsbxpf,dbwhu,1,54.00,0.09,58.86,"2024-04-03 16:56:49.000000"
605,85,xdwzipbmgruwyebqdpqk,chblb,2,62.00,0.09,67.58,"2024-04-07 01:33:19.000000"
606,18,gsuyirnnzlfqpbnlonwx,xvmxc,2,12.00,0.09,13.08,"2024-04-17 03:05:19.000000"
607,36,euncyljmiewvoivgtavd,ejkvb,2,88.00,0.09,95.92,"2024-04-19 23:32:40.000000"
608,53,scdlurzyuekprotgugvo,efnbq,1,21.00,0.09,22.89,"2024-04-29 21:40:44.000000"
609,21,daqhjbdmbtqzzyucbxnw,tgvoi,2,63.00,0.09,68.67,"2024-04-10 23:46:25.000000"
610,81,arhiwlpqkbaxqjxlnhty,oxyyw,2,20.00,0.09,21.80,"2024-04-08 16:46:38.000000"
611,72,uurbdmbrkwehuemvthdu,rayud,1,57.00,0.09,62.13,"2024-04-09 18:39:47.000000"
612,76,wfiywobqclbvcxiwkkuw,wtelv,2,86.00,0.09,93.74,"2024-04-19 13:53:17.000000"
613,55,vqqjuxecxhtvamievryu,cccep,2,85.00,0.09,92.65,"2024-04-20 00:38:15.000000"
614,63,giwkilihivflsgydtkur,chfdb,2,38.00,0.09,41.42,"2024-04-05 07:33:35.000000"
615,60,oxbmfpjbcgbkypcpufqp,dvscg,2,88.00,0.09,95.92,"2024-04-21 00:26:02.000000"
616,70,mjgfhvkjovlretgwuhaf,xdusc,1,1.00,0.09,1.09,"2024-04-09 03:45:04.000000"
617,36,zvfmtlwbpwqnpozhliju,wboqq,1,79.00,0.09,86.11,"2024-04-17 08:05:36.000000"
618,37,eumylftgwqrkwiytwfjf,vsceo,1,2.00,0.09,2.18,"2024-04-02 07:50:32.000000"
619,19,ulvuoiyvhyxrpcooecvc,tptwg,2,8.00,0.09,8.72,"2024-04-21 22:02:20.000000"
620,26,ebtpufpjytykgxvmyjua,pybjs,1,97.00,0.09,105.73,"2024-04-17 12:44:25.000000"
621,88,sypezlhcopivejjrghqi,sqbhi,2,51.00,0.09,55.59,"2024-04-15 05:15:34.000000"
622,85,ungpivfnyfdxjcightxi,uehzc,1,90.00,0.09,98.10,"2024-04-06 07:08:00.000000"
623,22,nbosxjcjmjiovofjhgje,schcq,2,92.00,0.09,100.28,"2024-04-20 19:59:12.000000"
624,56,ujinpoybkwdbspwogjfw,vmyit,2,94.00,0.09,102.46,"2024-04-04 16:53:19.000000"
625,82,serwkjosxkgblccdjnod,xfgpj,1,1.00,0.09,1.09,"2024-04-29 16:40:22.000000"
626,77,xkenhssnlppiubvdyovp,jdkqd,2,42.00,0.09,45.78,"2024-04-13 21:04:58.000000"
627,92,hpebsmiclbtshiqiqiso,qmlvw,2,85.00,0.09,92.65,"2024-04-16 10:52:31.000000"
628,5,rgdykbdndbuapwswgoec,ymoiz,2,66.00,0.09,71.94,"2024-04-16 11:28:15.000000"
629,62,nujmgvnctopgnseqrosw,gmupo,1,35.00,0.09,38.15,"2024-04-21 20:28:52.000000"
630,45,ekmiesgzfbpvnyitvupp,ebrgf,1,16.00,0.09,17.44,"2024-04-21 04:46:22.000000"
631,92,nxcnkmeklypblbwhuejh,hqjwj,1,74.00,0.09,80.66,"2024-04-05 12:00:19.000000"
632,56,ibcjosvegrttmekmhvlq,wmrck,2,16.00,0.09,17.44,"2024-04-23 23:26:33.000000"
633,38,osvbtreryrqcooamgxtb,ztvyi,2,51.00,0.09,55.59,"2024-04-14 05:42:34.000000"
634,69,dokimlupocreuojdngrq,cpswd,2,38.00,0.09,41.42,"2024-04-02 18:43:54.000000"
635,18,rxocqyvjikepnvplnegs,yntgy,1,65.00,0.09,70.85,"2024-04-27 12:10:20.000000"
636,49,tktnkjqewxyaeungobno,hrpwo,1,60.00,0.09,65.40,"2024-04-06 10:04:22.000000"
637,13,caveguieuqrmihjzvgrp,blatv,2,98.00,0.09,106.82,"2024-04-05 15:55:50.000000"
638,86,uneizbhhmpnwwsawkhhm,okhgj,1,13.00,0.09,14.17,"2024-04-16 03:11:10.000000"
639,16,hvlshebpybilifdxhsqc,lbwhs,2,96.00,0.09,104.64,"2024-04-08 21:15:47.000000"
640,47,ngrpyafwwtdigfhtccft,djlcd,1,22.00,0.09,23.98,"2024-04-05 03:33:01.000000"
641,6,vcwglmdfqpzfyhllutjn,mxeyj,2,30.00,0.09,32.70,"2024-04-27 12:34:05.000000"
642,53,zisnnbotdhagfiytynsc,hdsgb,2,67.00,0.09,73.03,"2024-04-20 07:28:10.000000"
643,21,dxjyrqdppispywnyhmnh,ucdhd,2,60.00,0.09,65.40,"2024-04-17 19:21:11.000000"
644,3,lbzvfkniadpocshiuapa,hhpey,1,95.00,0.09,103.55,"2024-04-19 04:16:42.000000"
645,21,flpphqiqioxwqpbkuwbo,rtrcl,1,73.00,0.09,79.57,"2024-04-17 09:38:29.000000"
646,58,ficikcembrjsoqmogpgm,scesz,2,11.00,0.09,11.99,"2024-04-03 17:58:29.000000"
647,15,ltkvbpvlsfvrwkkreupn,vrwjf,2,85.00,0.09,92.65,"2024-04-17 03:23:14.000000"
648,17,fpgoyfbriliirkxiywmr,zxpho,2,4.00,0.09,4.36,"2024-04-11 11:02:55.000000"
649,65,fbqbgbpuelrdoklwbrim,korqf,2,43.00,0.09,46.87,"2024-04-05 14:50:22.000000"
650,49,ykdiipcprrkvcweczrnm,wwwqq,1,54.00,0.09,58.86,"2024-04-24 16:11:59.000000"
651,34,ipblbyozghqkzvegtcfr,wgrrj,2,60.00,0.09,65.40,"2024-04-24 06:33:35.000000"
652,10,djkaubriowqpcopjbbbc,hgjay,2,40.00,0.09,43.60,"2024-04-12 11:43:50.000000"
653,73,mhyzcimieygkeszwlnjf,ydrer,2,82.00,0.09,89.38,"2024-04-04 20:58:16.000000"
654,22,rturzysuvwtdjlfofkku,tjnnz,1,24.00,0.09,26.16,"2024-04-25 22:20:41.000000"
655,47,vsgwtdkopkfsyqlguhcm,fqllt,1,10.00,0.09,10.90,"2024-04-03 05:31:33.000000"
656,9,fteojeqsskwfkinofjhf,gnxco,2,30.00,0.09,32.70,"2024-04-21 08:06:42.000000"
657,52,ndbspufohrorvdekmgrt,sikbz,2,48.00,0.09,52.32,"2024-04-21 10:33:33.000000"
658,99,wnxycooebsldietmarhk,ftfqs,2,31.00,0.09,33.79,"2024-04-13 11:28:46.000000"
659,17,pllwbnogmryudgwpjcik,yoajs,2,47.00,0.09,51.23,"2024-04-23 19:45:49.000000"
660,41,tonxzhiwkhituqwmulwz,kyqis,2,16.00,0.09,17.44,"2024-04-23 16:44:36.000000"
661,33,irmicomseolnfmtihoyb,hkdlv,2,71.00,0.09,77.39,"2024-04-01 07:48:37.000000"
662,93,phoybjrkypbmibhiuaqf,ctque,1,57.00,0.09,62.13,"2024-04-18 12:32:40.000000"
663,23,jfxwtdjlenzlfqpbmfrs,opiwi,1,21.00,0.09,22.89,"2024-04-29 00:37:04.000000"
664,5,lypcrcimjjttmcypdvvs,bytxj,1,23.00,0.09,25.07,"2024-04-28 13:59:38.000000"
665,92,vkonbosvbtptbyqkyqip,duoln,1,3.00,0.09,3.27,"2024-04-06 08:22:46.000000"
666,81,mylifbotbwibfvplmzow,tbbbe,2,48.00,0.09,52.32,"2024-04-19 08:25:09.000000"
667,64,jubuvvokgdtngqmnflpp,fiwoc,2,8.00,0.09,8.72,"2024-04-13 11:43:30.000000"
668,87,brggjfwvndyovpmolkrg,cslat,2,14.00,0.09,15.26,"2024-04-20 10:34:49.000000"
669,84,gsxlkrhhqkztusesayrp,yzbgd,2,66.00,0.09,71.94,"2024-04-27 11:33:02.000000"
670,46,qtzqdvrazxrotfsxmrzv,gsvcv,1,60.00,0.09,65.40,"2024-04-27 12:26:33.000000"
671,64,nrvflpqkchdsileohsut,masmh,2,85.00,0.09,92.65,"2024-04-13 22:43:30.000000"
672,62,udfpmngpfhvjgfgqlhbj,tqyvk,1,18.00,0.09,19.62,"2024-04-14 06:35:29.000000"
673,69,cilgxufpkihlkqdnibhg,iywlq,2,41.00,0.09,44.69,"2024-04-13 08:00:56.000000"
674,85,zkdhevtgaghpduppisrh,hpebp,2,12.00,0.09,13.08,"2024-04-19 11:28:55.000000"
675,73,utmbuwygiuarjsqxqnqp,dtksj,2,46.00,0.09,50.14,"2024-04-04 21:58:18.000000"
676,30,dptwglojgeylhdunhugs,wgnye,2,39.00,0.09,42.51,"2024-04-30 07:48:37.000000"
677,75,utjorsoohoctngtzsrgf,fjgfg,2,29.00,0.09,31.61,"2024-04-19 16:16:53.000000"
678,26,kgbkvbrhivgqovlsjqbj,pyyxr,2,35.00,0.09,38.15,"2024-04-22 11:37:55.000000"
679,54,nyfefogmrzwmsftihjci,iqeyh,2,2.00,0.09,2.18,"2024-04-11 10:17:39.000000"
680,70,katusftgaghobleltksm,hwofi,1,19.00,0.09,20.71,"2024-04-25 22:24:49.000000"
681,60,mnixqmogpfegrriovmvu,nehyw,2,14.00,0.09,15.26,"2024-04-01 14:47:59.000000"
682,69,jvznognwukorqdtmddhy,zdnjf,2,90.00,0.09,98.10,"2024-04-25 04:13:42.000000"
683,34,gfgroxtdjlenbpxswhtb,uyjvh,2,85.00,0.09,92.65,"2024-04-02 14:56:39.000000"
684,74,nibfxyeumcwgpisrhkdj,kypco,2,13.00,0.09,14.17,"2024-04-30 07:01:06.000000"
685,50,oiyucyrnmwxaggllxhro,uhcmg,2,70.00,0.09,76.30,"2024-04-13 19:42:53.000000"
686,7,byrnoegrqgivfogkksjr,jtrcj,2,94.00,0.09,102.46,"2024-04-27 05:36:35.000000"
687,56,edcdhcnietjmjjslcbbz,wnvru,2,55.00,0.09,59.95,"2024-04-24 00:47:42.000000"
688,21,savgrsptdencvamjiqdr,chhns,1,98.00,0.09,106.82,"2024-04-25 11:12:04.000000"
689,16,iclcxnscfscfulrfzint,fsawl,1,18.00,0.09,19.62,"2024-04-13 03:24:53.000000"
690,49,fpjxrmmxgiazytynqrno,gnxzf,1,43.00,0.09,46.87,"2024-04-04 14:18:55.000000"
691,33,hkdjorqhkgydsfxybhit,wdxfg,2,17.00,0.09,18.53,"2024-04-03 22:05:06.000000"
692,1,srdprnnehufqnsaxnuoi,xoffj,1,39.00,0.09,42.51,"2024-04-01 05:34:36.000000"
693,90,mqsutktrzytbwhudendc,zsoqm,1,99.00,0.09,107.91,"2024-04-15 17:14:09.000000"
694,50,bpbhgkijuapxtdgwtdgv,myhns,1,18.00,0.09,19.62,"2024-04-21 10:07:55.000000"
695,88,jdomtijtutjlgtdhzfxd,tlasn,1,81.00,0.09,88.29,"2024-04-18 12:48:54.000000"
696,52,vpmqudccdkosvzlhbjtp,ugrtr,1,79.00,0.09,86.11,"2024-04-14 11:26:00.000000"
697,88,borsmidpqnogpittnizc,ilene,1,72.00,0.09,78.48,"2024-04-25 18:51:51.000000"
698,100,npmmcwgnwxvmusbdmcxl,ltoob,2,78.00,0.09,85.02,"2024-04-05 00:19:33.000000"
699,34,hkeojdngqmoivgqnqsre,tjmhy,1,19.00,0.09,20.71,"2024-04-27 20:04:06.000000"
700,91,vmvultoodyjxnwukrcjp,ywphr,2,79.00,0.09,86.11,"2024-04-07 10:10:55.000000"
701,72,yoyfctqxroteogmsdmbt,qbeqv,1,100.00,0.09,109.00,"2024-04-01 23:00:34.000000"
702,18,ujnofjdmdeknkkvbrjpc,lbyob,1,16.00,0.09,17.44,"2024-04-12 22:35:07.000000"
703,54,mvrzvgsuxfgqjyqiqirm,iewwv,2,30.00,0.09,32.70,"2024-04-23 04:07:32.000000"
704,83,xcpwodxivgrsmjgecvcv,xecut,1,97.00,0.09,105.73,"2024-04-15 14:53:11.000000"
705,53,fidqtzqeyjwixqmncuuo,msfsb,2,76.00,0.09,82.84,"2024-04-27 15:56:01.000000"
706,18,foecynthcmgswfkmeiev,sdmap,2,80.00,0.09,87.20,"2024-04-08 19:20:35.000000"
707,91,sypcrcjnoflngpkftfsy,sqbik,1,91.00,0.09,99.19,"2024-04-15 21:47:51.000000"
708,77,jldjkxiwlnhwphqiqiqf,fjdnh,2,27.00,0.09,29.43,"2024-04-26 10:12:29.000000"
709,46,tjnmyirldjkyoycnkktq,zywms,1,8.00,0.09,8.72,"2024-04-19 08:40:02.000000"
710,84,iesgxaggkilemzmjkynu,ltkvy,1,20.00,0.09,21.80,"2024-04-12 10:43:34.000000"
711,31,kcfuiewwwrvdzrlfqqfc,vwxag,1,10.00,0.09,10.90,"2024-04-01 03:49:58.000000"
712,74,qcmdekpviesftihljoqn,rvfnw,2,1.00,0.09,1.09,"2024-04-07 12:25:44.000000"
713,8,sjqcniclxhqkdifamjip,ahiuy,1,12.00,0.09,13.08,"2024-04-13 04:07:52.000000"
714,69,fwwrubsmhxuhyaerxqjy,twecw,1,60.00,0.09,65.40,"2024-04-08 00:03:56.000000"
715,38,eqtxgmpqirkyoxahjxoy,fefnc,2,31.00,0.09,33.79,"2024-04-14 04:38:26.000000"
716,28,bldgvlunhwphrosxlkto,munei,1,37.00,0.09,40.33,"2024-04-20 09:47:46.000000"
717,14,shdtniclynscdlvxzfbq,zcjnq,2,83.00,0.09,90.47,"2024-04-15 13:21:50.000000"
718,97,jxlnicjpvknlolpphoyd,rdppd,2,11.00,0.09,11.99,"2024-04-25 03:58:08.000000"
719,73,fwvmvukqbinpkhghrqex,zfecw,1,57.00,0.09,62.13,"2024-04-03 01:18:15.000000"
720,67,dnhxrripydsesdmymkps,xmojf,2,46.00,0.09,50.14,"2024-04-27 10:45:36.000000"
721,4,nofkhgkgblemwbmhyaet,krdon,2,97.00,0.09,105.73,"2024-04-03 23:51:55.000000"
722,61,suxcqxsuyhqhovohrqbk,utkvv,2,56.00,0.09,61.04,"2024-04-09 13:07:08.000000"
723,77,zqfdbvdddfscdkpvkoms,eppfe,1,39.00,0.09,42.51,"2024-04-14 04:36:34.000000"
724,4,vegtyrkxllwbpuiexbnj,hjwiy,2,36.00,0.09,39.24,"2024-04-07 19:58:40.000000"
725,9,skutngqmkqzzbgzhjyuc,bxkjp,2,74.00,0.09,80.66,"2024-04-28 21:44:39.000000"
726,46,mdccdmwbnofiyuemxcqx,tbypc,2,71.00,0.09,77.39,"2024-04-24 19:42:26.000000"
727,85,wuighoctnhwodarhjxpf,eibfz,1,41.00,0.09,44.69,"2024-04-07 04:48:31.000000"
728,83,mzmkqyywlprpbjtqwmun,fkmcc,1,51.00,0.09,55.59,"2024-04-02 21:18:47.000000"
729,81,urwmqvhugvnzlgvoiuei,evszv,1,76.00,0.09,82.84,"2024-04-30 18:39:19.000000"
730,71,npitymoizyvjeumznqpd,sgduq,2,96.00,0.09,104.64,"2024-04-14 23:48:25.000000"
731,48,ykbdjmidrdluunixqnru,ymkqy,2,32.00,0.09,34.88,"2024-04-03 23:03:14.000000"
732,54,kjpybimlsjpaetjoqnsc,gydps,2,9.00,0.09,9.81,"2024-04-26 16:11:28.000000"
733,2,nnedcdjjuxebtqywlpsu,vseoh,2,5.00,0.09,5.45,"2024-04-28 00:02:37.000000"
734,37,dlvzkyoyfdwdwbretjlf,syqhp,1,53.00,0.09,57.77,"2024-04-14 04:22:21.000000"
735,63,uelrdmcxmnflrbesaxpg,ljpwq,2,92.00,0.09,100.28,"2024-04-27 06:51:09.000000"
736,63,mohvicktqwmrcijxlmcx,jdlur,2,96.00,0.09,104.64,"2024-04-25 08:57:22.000000"
737,19,mwwsaxnvpobmgsaubtpv,kmhvi,1,87.00,0.09,94.83,"2024-04-25 10:56:36.000000"
738,49,yiubvyjvddgujhmkrcks,mgsxl,1,55.00,0.09,59.95,"2024-04-20 03:58:54.000000"
739,56,vpntgxxszsorrjttlxjc,gxwtb,2,62.00,0.09,67.58,"2024-04-08 12:42:13.000000"
740,41,gcqzbgyfcvyghqkendbw,htzpe,2,90.00,0.09,98.10,"2024-04-26 16:39:23.000000"
741,62,mpoyfdzpblbvcwglnibg,zhjci,1,80.00,0.09,87.20,"2024-04-27 19:14:20.000000"
742,10,uqxrpxufqoxxtdhycnkj,qcmfp,1,12.00,0.09,13.08,"2024-04-13 02:43:16.000000"
743,69,fxcpugsyqgiwlpqlgvlt,mflpu,1,94.00,0.09,102.46,"2024-04-16 06:00:01.000000"
744,74,eojchdwajvcwgnwthblb,yqirm,1,47.00,0.09,51.23,"2024-04-06 02:26:15.000000"
745,45,sgdvwvohrrgedekptynq,txgnu,2,26.00,0.09,28.34,"2024-04-20 17:43:35.000000"
746,52,qoxxvlsgzgiwjfwtftgw,pmnhs,2,72.00,0.09,78.48,"2024-04-08 05:37:43.000000"
747,8,qadqubuxgiyvjhgkhgki,hkfwt,1,83.00,0.09,90.47,"2024-04-13 12:20:00.000000"
748,62,vjimjlekpswfhwnwzfdb,smgug,2,49.00,0.09,53.41,"2024-04-28 06:49:12.000000"
749,8,rdololpqlfuhahhrmkmf,qqfao,2,66.00,0.09,71.94,"2024-04-10 12:20:38.000000"
750,62,dtlwdwbqzbilenflnhvh,zdpqm,1,50.00,0.09,54.50,"2024-04-10 14:18:52.000000"
751,13,qxpfgnzkypfdbwhrotdj,lceoi,2,80.00,0.09,87.20,"2024-04-03 08:08:46.000000"
752,2,vgoecattnhwmvthbkxlk,resdk,2,32.00,0.09,34.88,"2024-04-15 02:06:31.000000"
753,40,orqfdymoizxphoxahkfr,vddgw,2,81.00,0.09,88.29,"2024-04-29 18:04:27.000000"
754,37,yphnscfvqqgjytwegphp,gjeqs,2,3.00,0.09,3.27,"2024-04-08 14:19:54.000000"
755,19,efpkdneidonyeygjbfvo,gobqy,2,41.00,0.09,44.69,"2024-04-16 00:24:10.000000"
756,28,wphqlftdjjttonwvoivh,vkmhv,1,83.00,0.09,90.47,"2024-04-21 00:00:34.000000"
757,88,jetkotzrlgwogmprqdqx,qnqqi,2,28.00,0.09,30.52,"2024-04-13 23:34:34.000000"
758,34,kyrnnzkcdjlbawlojgcq,cjnoh,2,77.00,0.09,83.93,"2024-04-20 07:54:18.000000"
759,94,svyjytusgbnkkxkfvpkh,gixny,1,40.00,0.09,43.60,"2024-04-06 11:42:17.000000"
760,73,digjzwklwficjqafyfeg,rsoqn,2,93.00,0.09,101.37,"2024-04-16 11:53:23.000000"
761,82,ncwfjerystpufpiwidnf,nxcpt,1,13.00,0.09,14.17,"2024-04-11 03:44:48.000000"
762,33,qdtmaqdsgdupodwzjwhu,fmuqs,2,38.00,0.09,41.42,"2024-04-24 05:18:27.000000"
763,74,jnpkgconzjttonzjspvj,jqdrd,2,30.00,0.09,32.70,"2024-04-27 16:57:13.000000"
764,56,dvxbnlseqvejilhcpstr,escgb,1,11.00,0.09,11.99,"2024-04-06 15:34:53.000000"
765,63,oybjsnmtilepjdneibfy,gglpq,1,79.00,0.09,86.11,"2024-04-29 04:44:56.000000"
766,34,vhvjhjytwcvwwvohsuup,qleog,2,100.00,0.09,109.00,"2024-04-11 08:14:40.000000"
767,75,rgdwdvvrxnxxybfygixn,vrxpe,1,100.00,0.09,109.00,"2024-04-20 05:43:48.000000"
768,24,glpobmjhisqdqwlpsvzl,ieuni,2,59.00,0.09,64.31,"2024-04-08 06:31:46.000000"
769,46,nhugtemvvqqjvegufogo,cqckv,2,39.00,0.09,42.51,"2024-04-29 15:20:54.000000"
770,63,hnthbkuxedcyoblcawje,qvgrp,1,55.00,0.09,59.95,"2024-04-16 06:07:04.000000"
771,90,ycnjfwwszuariqhlijsq,yxqmo,1,68.00,0.09,74.12,"2024-04-18 13:41:55.000000"
772,90,tauznpmrvfocsjqcnjet,hfdbu,2,16.00,0.09,17.44,"2024-04-02 08:52:30.000000"
773,76,qxqlgwrvbuuscfukqxqn,qrnna,2,64.00,0.09,69.76,"2024-04-18 07:46:12.000000"
774,98,dtkslcbawiabgcshfgph,rlfte,1,91.00,0.09,99.19,"2024-04-03 22:44:24.000000"
775,79,qtarjveeknidqtyllvvr,ystqy,2,19.00,0.09,20.71,"2024-04-15 14:04:21.000000"
776,89,yewakwgocqbjoufsbzua,qgglo,1,57.00,0.09,62.13,"2024-04-15 19:02:28.000000"
777,76,iipzgeejgduthggnyexb,psxlj,1,37.00,0.09,40.33,"2024-04-12 04:49:53.000000"
778,78,sjpvmwbleneddgwpjbcj,nohro,2,6.00,0.09,6.54,"2024-04-02 08:58:25.000000"
779,6,eppcrclzpcnlnidnjdnj,dnhvl,2,70.00,0.09,76.30,"2024-04-21 20:02:01.000000"
780,38,uuqwjfygiuarlbxnwsch,blcbb,1,39.00,0.09,42.51,"2024-04-18 07:42:54.000000"
781,75,yqgiwmuohviesgaipblc,diexe,1,70.00,0.09,76.30,"2024-04-11 05:40:57.000000"
782,63,dsgydupqiqirlcembqfb,otbwj,1,81.00,0.09,88.29,"2024-04-15 16:59:45.000000"
783,3,qfbrfxyeuqsusetihlii,soswf,1,31.00,0.09,33.79,"2024-04-12 22:06:30.000000"
784,7,dkshiuapcmhvjjrgfjfw,tfsby,2,77.00,0.09,83.93,"2024-04-19 16:58:08.000000"
785,83,hwmxbnmtjmjlzsorturb,chduo,1,61.00,0.09,66.49,"2024-04-20 21:42:26.000000"
786,50,myiuxfjdpqjxoakwgnxb,jtsjr,1,27.00,0.09,29.43,"2024-04-16 23:14:00.000000"
787,88,thzdqxpfgrqevundatrf,xbmhz,1,26.00,0.09,28.34,"2024-04-05 19:48:53.000000"
788,4,rimogocsjqcomtkskuun,hwmti,1,93.00,0.09,101.37,"2024-04-16 04:26:53.000000"
789,75,ftemyhqgkhfbsmfogmsd,josyr,1,4.00,0.09,4.36,"2024-04-29 00:56:27.000000"
790,59,ctlxhrpwpllvvtifbqck,wfkkt,2,84.00,0.09,91.56,"2024-04-09 20:44:27.000000"
791,98,yyxtxllwdwcrgcuseppg,khgjb,1,74.00,0.09,80.66,"2024-04-05 12:00:58.000000"
792,54,gpgmpozhmoiwlniywpkc,erxln,1,96.00,0.09,104.64,"2024-04-25 21:59:35.000000"
793,31,aesfsdkrdnhvidrysuvv,rxlmd,1,97.00,0.09,105.73,"2024-04-20 17:14:42.000000"
794,40,awiciirnodcwhsutksnh,yxsvb,2,16.00,0.09,17.44,"2024-04-25 22:18:09.000000"
795,69,xodurzxrnrvegrqfbosy,rnpke,2,63.00,0.09,68.67,"2024-04-09 05:04:56.000000"
796,49,ppdwbqxtcbysrfctoodv,xblat,2,86.00,0.09,93.74,"2024-04-24 10:36:29.000000"
797,34,jrlcdhexcrdprnpkihmp,lmdel,2,13.00,0.09,14.17,"2024-04-18 06:07:22.000000"
798,50,tgxwswgodwakbxmqucbv,eguhx,2,52.00,0.09,56.68,"2024-04-30 06:48:37.000000"
799,34,tutjoruwbmigdyljjvdb,wgqke,2,29.00,0.09,31.61,"2024-04-23 23:19:06.000000"
800,98,pzfamhbkvbrgcvupntij,turbc,1,25.00,0.09,27.25,"2024-04-11 14:22:32.000000"
801,3,cgbmfqpdunicktonzkxn,vnefp,1,94.00,0.09,102.46,"2024-04-20 01:42:49.000000"
802,38,ystomumykfujiqdtjnpk,gxxug,2,9.00,0.09,9.81,"2024-04-05 14:29:04.000000"
803,53,egqnsysriovluokhgkga,inrve,1,61.00,0.09,66.49,"2024-04-13 00:54:03.000000"
804,20,tgxvmvtijtsilgxvlqzy,xqnoi,2,62.00,0.09,67.58,"2024-04-10 19:11:06.000000"
805,79,ykdjnmupqlhblylktmgq,ntftf,2,97.00,0.09,105.73,"2024-04-21 04:19:32.000000"
806,48,jhlhcptypbkwefnxduse,szwjd,2,65.00,0.09,70.85,"2024-04-12 23:53:17.000000"
807,7,enddemwalccdmykcdmcx,jbdlu,2,38.00,0.09,41.42,"2024-04-19 07:01:31.000000"
808,92,typcpuekoqljnmvraxqk,dlvvp,2,19.00,0.09,20.71,"2024-04-04 03:43:25.000000"
809,98,oujldgujiovoiuczttmg,qnsyt,2,10.00,0.09,10.90,"2024-04-26 11:54:26.000000"
810,97,gkerytxhpeznpmokgbop,itylk,2,77.00,0.09,83.93,"2024-04-03 07:23:24.000000"
811,9,fqssktradmzpahhoyfbp,vkprp,2,89.00,0.09,97.01,"2024-04-19 13:58:07.000000"
812,46,ksjslaspvklbvdattony,fctnl,2,66.00,0.09,71.94,"2024-04-15 21:01:11.000000"
813,52,cuvultniaeryuejgdylj,juvuo,1,95.00,0.09,103.55,"2024-04-23 21:31:28.000000"
814,99,qggobpvidsdlwctolpqn,ndbuw,2,16.00,0.09,17.44,"2024-04-28 11:35:24.000000"
815,13,wxdsjnqqfbsldfpjbbft,ifdar,1,66.00,0.09,71.94,"2024-04-09 08:10:45.000000"
816,42,hbmgsvbsmfqnruxivhug,temxf,1,32.00,0.09,34.88,"2024-04-02 09:45:46.000000"
817,29,hnujkwgmundeidsfvrwg,rriqg,1,50.00,0.09,54.50,"2024-04-23 10:01:47.000000"
818,26,ainrtusfthcproxtemwb,mgujj,2,15.00,0.09,16.35,"2024-04-25 09:02:15.000000"
819,64,strbfwtftguhbhiuzpxx,vmuqt,2,42.00,0.09,45.78,"2024-04-08 05:44:20.000000"
820,96,bjqcmfmvrystqzxtwgmt,hdupr,2,92.00,0.09,100.28,"2024-04-24 12:51:33.000000"
821,18,neekmhwqljoogkjqetjn,oglpq,1,24.00,0.09,26.16,"2024-04-27 11:40:09.000000"
822,70,vbtqywmwulurcgcoqmnd,btuti,1,45.00,0.09,49.05,"2024-04-13 15:21:05.000000"
823,77,omrbdojeqsrhiuapcpss,mievq,2,51.00,0.09,55.59,"2024-04-16 00:09:53.000000"
824,98,kzuaqgeflonzjvdbvcxh,qlepl,1,57.00,0.09,62.13,"2024-04-22 00:09:57.000000"
825,82,znnegrpcnicnhwpiwjfv,rubtr,1,75.00,0.09,81.75,"2024-04-08 17:06:41.000000"
826,4,kypdupnxbkvzmluscgxy,clarl,1,23.00,0.09,25.07,"2024-04-25 20:20:58.000000"
827,46,tngphqkdjnkmekmhxvkm,gsvbp,1,29.00,0.09,31.61,"2024-04-11 14:31:04.000000"
828,91,mppeyliinrucvcwdwecb,vcwfh,2,30.00,0.09,32.70,"2024-04-01 14:01:02.000000"
829,21,ydupqkdkqxstskslyntg,yclcy,2,11.00,0.09,11.99,"2024-04-22 17:46:28.000000"
830,32,kdhexecwglmehwodbuup,qliev,2,24.00,0.09,26.16,"2024-04-28 22:23:17.000000"
831,95,xvjilifdbvzmmyjysrfb,pxtat,2,83.00,0.09,90.47,"2024-04-20 20:44:29.000000"
832,83,dgruxeapbkuvukskusij,xnwvp,1,32.00,0.09,34.88,"2024-04-09 22:19:00.000000"
833,56,wrsrgdxgjfvpmrvehxsy,oxycn,1,87.00,0.09,94.83,"2024-04-15 21:49:53.000000"
834,89,yblatvvseneickskxjyt,yoxxt,1,7.00,0.09,7.63,"2024-04-04 03:16:53.000000"
835,35,kyowtcgxvknknjfwvpnu,iinsx,2,14.00,0.09,15.26,"2024-04-27 20:09:10.000000"
836,8,rgdykbzwjerxqligfgph,sqcng,2,16.00,0.09,17.44,"2024-04-13 21:52:42.000000"
837,68,clvxajrldftcfqtslzqe,ygljm,1,97.00,0.09,105.73,"2024-04-02 02:55:29.000000"
838,28,hnwsawhxpjyqkbbdjnpi,wiclw,1,89.00,0.09,97.01,"2024-04-04 04:46:32.000000"
839,89,dvyiqfcxfkhhobjuuqud,ejlek,2,39.00,0.09,42.51,"2024-04-12 02:33:26.000000"
840,71,kypdsfyeamjhlkpvjhhq,gjepo,2,18.00,0.09,19.62,"2024-04-30 10:23:11.000000"
841,38,yobmfqqgitzpaggjerxn,wvpll,2,93.00,0.09,101.37,"2024-04-03 13:21:44.000000"
842,65,zzbdonultolqucyrlgvl,radme,1,94.00,0.09,102.46,"2024-04-25 12:27:32.000000"
843,30,bgbnoecbwjbgzhlhfdyk,gyzeu,2,24.00,0.09,26.16,"2024-04-18 09:22:43.000000"
844,21,htzqghsuuqucxkfwsyoc,qxtxl,1,81.00,0.09,88.29,"2024-04-23 11:43:37.000000"
845,33,jxkgbkypewygjytarkbw,htyov,1,100.00,0.09,109.00,"2024-04-15 18:33:01.000000"
846,48,xeapagcsjpwrqhmnegsy,pebqd,2,97.00,0.09,105.73,"2024-04-25 20:03:31.000000"
847,25,tzsshjvgrsleknjgdxff,mrcjl,1,81.00,0.09,88.29,"2024-04-11 05:51:25.000000"
848,29,kendattmddguifcusgbl,enzlf,2,58.00,0.09,63.22,"2024-04-30 11:57:01.000000"
849,21,ctnlnibetiiqfbpyzbga,kypdw,2,32.00,0.09,34.88,"2024-04-19 13:56:12.000000"
850,14,vsdndekmejhisskwfiyw,lryuf,2,38.00,0.09,41.42,"2024-04-03 10:08:20.000000"
851,28,dsilhyclxjytarkxmokh,ffkim,1,63.00,0.09,68.67,"2024-04-27 07:28:59.000000"
852,52,ygiwmungrouhbimmyjzv,ejinp,1,13.00,0.09,14.17,"2024-04-16 10:23:22.000000"
853,20,kmelqxqlfuknklbveekm,guhzd,2,92.00,0.09,100.28,"2024-04-19 04:15:25.000000"
854,28,oxagdwbpxvjktsfyfbqb,geapx,2,59.00,0.09,64.31,"2024-04-09 12:35:47.000000"
855,68,nqrjwgpeegsxlmapzdqv,hugvk,2,55.00,0.09,59.95,"2024-04-02 21:16:15.000000"
856,68,fxdsikawjfxbkvcxjxpe,ykfrv,1,5.00,0.09,5.45,"2024-04-27 21:29:42.000000"
857,36,cjpyyvlqwmrzytzpdrdo,mqtxi,2,84.00,0.09,91.56,"2024-04-29 05:46:46.000000"
858,20,efmvtjkatwbqcngtyowr,wgphn,2,64.00,0.09,69.76,"2024-04-20 12:53:28.000000"
859,35,uxffmungodwctnhyxtyn,tgwru,2,19.00,0.09,20.71,"2024-04-06 16:57:37.000000"
860,40,kuvtgwsbytwebuxezmlu,ryucb,2,68.00,0.09,74.12,"2024-04-15 07:53:03.000000"
861,38,lbvbuvthcrcjpvlpsvzm,mvukr,1,82.00,0.09,89.38,"2024-04-18 07:20:50.000000"
862,44,lweejhhobnlsfuncuwak,wfjgb,2,51.00,0.09,55.59,"2024-04-30 01:15:03.000000"
863,32,rkbypgkhghtvzlfqqhlm,xhozh,1,54.00,0.09,58.86,"2024-04-07 05:24:13.000000"
864,45,prnqrjvefodbuxedcyrm,ifbnn,2,41.00,0.09,44.69,"2024-04-03 19:10:45.000000"
865,24,xujhlhdrdpnunfklbvzn,pjdmc,1,78.00,0.09,85.02,"2024-04-26 13:10:35.000000"
866,92,blceltlxixmtiiowtdif,bosyq,1,50.00,0.09,54.50,"2024-04-19 14:00:28.000000"
867,63,glikavdccfuhycmgswfk,ktpst,2,5.00,0.09,5.45,"2024-04-07 18:16:14.000000"
868,100,ipzfzkbysqcomtjmigdw,ctpss,1,28.00,0.09,30.52,"2024-04-27 23:40:40.000000"
869,69,smieuojckrgctpqjzuar,juylg,2,96.00,0.09,104.64,"2024-04-28 23:46:45.000000"
870,82,hwphrnqowtdkqywnygiy,tymnd,1,79.00,0.09,86.11,"2024-04-26 17:39:03.000000"
871,94,dsimlsgakwhuejkwefna,mltmb,2,3.00,0.09,3.27,"2024-04-19 15:54:18.000000"
872,4,imkopgnunflrytxkgybi,nqowu,1,94.00,0.09,102.46,"2024-04-28 13:23:42.000000"
873,78,digitushfdarlbztvxbo,odwed,1,10.00,0.09,10.90,"2024-04-07 11:59:52.000000"
874,80,ighpgivjetjoplijspvi,etiiq,1,61.00,0.09,66.49,"2024-04-03 16:55:16.000000"
875,64,wodwdwzjwhudhzeseryr,pzclw,1,23.00,0.09,25.07,"2024-04-19 06:19:19.000000"
876,36,yrovkmekpstsjrfzjuwy,gkdnh,2,99.00,0.09,107.91,"2024-04-20 05:19:24.000000"
877,25,ivhvkkvxfddhxvknjinn,edgsy,2,48.00,0.09,52.32,"2024-04-11 04:32:34.000000"
878,28,iwkilfrttmcavgofflnj,fxcqx,2,80.00,0.09,87.20,"2024-04-25 20:25:35.000000"
879,76,ighsuuquarirkwfklbtr,dqtvx,1,68.00,0.09,74.12,"2024-04-04 11:28:59.000000"
880,57,mqtxjbcjlgvoedfrtshg,jfuko,2,90.00,0.09,98.10,"2024-04-10 06:07:30.000000"
881,85,ibhglkskutktprqcnlni,bfycp,2,60.00,0.09,65.40,"2024-04-30 06:30:32.000000"
882,9,njerzwnwvqpeaoszuzow,qnsbz,2,22.00,0.09,23.98,"2024-04-18 01:39:54.000000"
883,21,iadmbuusdlvxdvwwujip,cprrj,2,35.00,0.09,38.15,"2024-04-22 08:09:19.000000"
884,52,konxyfzkztvzjxkjmihj,xpeyk,1,54.00,0.09,58.86,"2024-04-07 07:50:16.000000"
885,45,psuwajuxdwbotbwhudfq,rjvdd,1,70.00,0.09,76.30,"2024-04-26 07:21:26.000000"
886,13,deofibesesytvamjldhy,yadpq,1,83.00,0.09,90.47,"2024-04-04 10:35:16.000000"
887,9,cepmqrnnbpybfxcoodwe,catut,1,52.00,0.09,56.68,"2024-04-16 10:46:36.000000"
888,2,oqqhkfwsbyuzpyzdprmn,cvann,2,41.00,0.09,44.69,"2024-04-03 20:34:52.000000"
889,26,ydptyllushdwyfdzoxui,evquy,1,43.00,0.09,46.87,"2024-04-23 08:44:27.000000"
890,45,arjuykbbepmrzvgsuvti,jvbtq,2,44.00,0.09,47.96,"2024-04-18 07:30:08.000000"
891,60,fiyvjikcdlwbopkfvpkf,xwqpc,2,1.00,0.09,1.09,"2024-04-02 02:31:02.000000"
892,18,ukosyoxwsxnvpmojeqve,jhjwk,1,32.00,0.09,34.88,"2024-04-20 19:37:46.000000"
893,38,whtylkrgbpuhxtdhyaeu,lwyho,2,74.00,0.09,80.66,"2024-04-02 05:44:27.000000"
894,100,wjeserucynujkvdddhbi,pxugw,2,28.00,0.09,30.52,"2024-04-20 11:43:22.000000"
895,43,epntgzewwuihivegwnbq,zckwc,2,43.00,0.09,46.87,"2024-04-30 03:32:59.000000"
896,58,ybikeogodyjzwkjpxwph,qlfqr,1,96.00,0.09,104.64,"2024-04-19 16:46:30.000000"
897,24,iwnvppdurwnwxxwrspue,koofg,2,58.00,0.09,63.22,"2024-04-27 15:38:32.000000"
898,72,wjbgajtqywnxbnjilife,dekpt,1,77.00,0.09,83.93,"2024-04-25 08:43:38.000000"
899,76,ijuylhevukshgjckurdl,ylgwt,1,71.00,0.09,77.39,"2024-04-28 04:21:09.000000"
900,42,imhcoodymmxeaovmwblc,difed,1,8.00,0.09,8.72,"2024-04-05 08:38:45.000000"
901,50,btrckuuqstnklbwgqmma,ovltj,2,96.00,0.09,104.64,"2024-04-29 06:43:01.000000"
902,85,klcdhcptxjdmapzeupoy,eygki,1,82.00,0.09,89.38,"2024-04-30 17:27:40.000000"
903,53,qpconamhcomthfdzpydq,xrpag,1,6.00,0.09,6.54,"2024-04-25 20:18:46.000000"
904,97,iuxgkgduqtylkrfwthds,esfsb,2,73.00,0.09,79.57,"2024-04-24 02:41:27.000000"
905,67,abgcpwmuqrlhdraberxq,isskw,1,94.00,0.09,102.46,"2024-04-11 19:33:26.000000"
906,100,wlppglkrhglnfkktqabe,rviyv,1,56.00,0.09,61.04,"2024-04-15 22:01:35.000000"
907,83,ppecvwbkavehxtauwbqa,esfui,1,31.00,0.09,33.79,"2024-04-24 06:03:23.000000"
908,96,lkqywmsgajspuejkvcwd,xiucz,2,61.00,0.09,66.49,"2024-04-26 18:08:38.000000"
909,49,wvrwjclxfhugrrlemzkd,ifdzp,1,62.00,0.09,67.58,"2024-04-25 06:26:27.000000"
910,19,nbpwoedcbzuccawkimlt,ktqyu,1,65.00,0.09,70.85,"2024-04-18 13:43:46.000000"
911,98,etktonzispwoeehaesch,ghrpy,2,4.00,0.09,4.36,"2024-04-08 09:31:21.000000"
912,12,vvqtvvtfvmwbmhxswivi,dolmf,1,90.00,0.09,98.10,"2024-04-30 06:44:30.000000"
913,20,cslasqcjnpmppffizbeu,mxebt,2,18.00,0.09,19.62,"2024-04-24 05:58:01.000000"
914,37,mieuoibfwvneeklcdgul,qacii,2,51.00,0.09,55.59,"2024-04-14 00:46:00.000000"
915,67,bdngsuxdusckpxvkkvcu,vrxoy,1,28.00,0.09,30.52,"2024-04-20 02:49:41.000000"
916,38,yspxwnyhnulsikdkqcjo,rrmhy,2,100.00,0.09,109.00,"2024-04-02 17:38:14.000000"
917,30,isretktmgrrjrkyrlekp,wmuok,1,17.00,0.09,18.53,"2024-04-02 00:48:43.000000"
918,68,hhrnpmojfvokfwsyttqx,pfizy,2,37.00,0.09,40.33,"2024-04-09 03:30:19.000000"
919,27,mrysusfxahhqispuemwa,kwhuc,2,68.00,0.09,74.12,"2024-04-13 20:29:13.000000"
920,14,jlelqxrrhjzwmqvjesfw,rtutk,2,2.00,0.09,2.18,"2024-04-05 17:12:56.000000"
921,76,hfbsnibhiuynoiysuwbn,odxit,2,95.00,0.09,103.55,"2024-04-06 18:57:07.000000"
922,14,ddgukmgsvehwncsinohs,tpswg,1,65.00,0.09,70.85,"2024-04-26 07:36:30.000000"
923,28,vlrchgiwnyeaotdknlsf,wscdm,2,14.00,0.09,15.26,"2024-04-30 14:09:38.000000"
924,52,pmpnvrtwbnoeehyadmei,dpphp,1,79.00,0.09,86.11,"2024-04-18 20:58:01.000000"
925,62,irkztvwwvluonwtfrwkh,hoybk,2,24.00,0.09,26.16,"2024-04-15 23:15:39.000000"
926,79,lwamhagcrhglmbsldgvo,egsuv,2,72.00,0.09,78.48,"2024-04-02 03:23:29.000000"
927,4,bescgycnhyaciispxufr,uwdvx,1,38.00,0.09,41.42,"2024-04-25 16:28:34.000000"
928,98,leplkskvbqcomumbsprs,nmvvo,1,66.00,0.09,71.94,"2024-04-15 08:57:20.000000"
929,45,tomumbrjtretjnlpswda,rkwgo,2,38.00,0.09,41.42,"2024-04-27 03:46:23.000000"
930,24,oebtsiiuxhqkccgahjzv,eknkl,1,76.00,0.09,82.84,"2024-04-22 06:32:02.000000"
931,29,hqgkgzfctophqgjdmbts,gakzt,2,38.00,0.09,41.42,"2024-04-23 01:52:15.000000"
932,55,nwybkvcusgyfbqaesfvn,fkilf,2,81.00,0.09,88.29,"2024-04-30 16:25:49.000000"
933,54,szuylhcnicmejhiuynru,wdapz,1,90.00,0.09,98.10,"2024-04-29 15:00:56.000000"
934,8,nlpsrkuyglmynpmpmsft,dlurz,2,73.00,0.09,79.57,"2024-04-24 16:22:52.000000"
935,78,nhuejkvzlighpdurabep,pfdcz,2,72.00,0.09,78.48,"2024-04-12 06:44:38.000000"
936,73,mhxufofklxjxphmqrnne,egwnc,2,100.00,0.09,109.00,"2024-04-12 20:19:59.000000"
937,1,vdcbxnvrwkgcpudgxuhy,aevpp,1,61.00,0.09,66.49,"2024-04-25 18:32:00.000000"
938,31,bjovkonwwvnanplkrhgl,ngstq,2,47.00,0.09,51.23,"2024-04-23 06:24:11.000000"
939,31,iqfdxhssjtsilhbjsmfn,dbvcx,1,3.00,0.09,3.27,"2024-04-02 04:24:42.000000"
940,13,mbuxduqwjhhpcsgcsksl,cdjlc,1,30.00,0.09,32.70,"2024-04-05 02:01:15.000000"
941,81,pqjubtrfwwrsqclarjux,hnsdk,2,25.00,0.09,27.25,"2024-04-05 03:31:39.000000"
942,96,jayrotfpnuigiudcdihl,ksjpb,1,27.00,0.09,29.43,"2024-04-16 23:36:58.000000"
943,87,sxobnmxbnkolrzyvjhiu,cxiyt,2,48.00,0.09,52.32,"2024-04-16 22:40:48.000000"
944,23,nwxwqnukqwodxiudcenb,rgglk,2,56.00,0.09,61.04,"2024-04-16 13:33:55.000000"
945,93,cpvknjevqrougvnzlguj,jrkxj,2,93.00,0.09,101.37,"2024-04-20 04:53:37.000000"
946,44,hahjaxnyfcsnicktoqmk,qciml,2,62.00,0.09,67.58,"2024-04-21 06:35:16.000000"
947,55,ruwcrhhntfrxpduqwlpq,kcene,1,82.00,0.09,89.38,"2024-04-09 17:32:04.000000"
948,2,fwuluooziqintgxufrso,swhsu,2,61.00,0.09,66.49,"2024-04-20 07:23:54.000000"
949,40,bayueiclarkztutjoqoy,clczt,2,66.00,0.09,71.94,"2024-04-28 10:25:23.000000"
950,62,ivfmvsdmbslbzstmgtcd,hbjrh,1,89.00,0.09,97.01,"2024-04-13 03:24:18.000000"
951,38,rfcsilgydpsuwwuiipyc,olpoe,2,48.00,0.09,52.32,"2024-04-14 01:33:30.000000"
952,76,lariqgfkjqdoodyjwhvi,cngrq,1,40.00,0.09,43.60,"2024-04-05 06:30:41.000000"
953,54,gphrmiewwuifyisretkq,dolmf,1,65.00,0.09,70.85,"2024-04-28 03:49:06.000000"
954,60,glojgairioxwqmppdupr,qclbu,2,92.00,0.09,100.28,"2024-04-01 03:20:32.000000"
955,29,keqsrewumwctmddgvoht,xjazx,2,21.00,0.09,22.89,"2024-04-08 03:49:48.000000"
956,60,glnhvlnkkwdbwfiadprq,binrt,2,87.00,0.09,94.83,"2024-04-26 02:37:24.000000"
957,58,jckrewwrvfmvrxpfhstq,zywmv,2,74.00,0.09,80.66,"2024-04-23 04:41:03.000000"
958,51,hyxufoitynszuaqezkzt,usgyc,2,54.00,0.09,58.86,"2024-04-01 12:28:15.000000"
959,48,ifbqckutmegugvkoodzo,wpljm,1,46.00,0.09,50.14,"2024-04-04 00:07:31.000000"
960,15,lsgdwcrdqvgtcenefnyg,hrpze,2,37.00,0.09,40.33,"2024-04-17 13:55:24.000000"
961,66,qewycqytzqhkhcopjytx,kchgg,1,55.00,0.09,59.95,"2024-04-12 23:39:05.000000"
962,37,pyzcmehxuekmidrbdoix,tyoxy,2,4.00,0.09,4.36,"2024-04-07 16:38:30.000000"
963,2,lcdkqxsvcvyhpbjttmdd,hbjtp,2,94.00,0.09,102.46,"2024-04-14 06:52:42.000000"
964,41,sjpxtemzmlqbfundeiet,kqyac,1,78.00,0.09,85.02,"2024-04-20 16:09:04.000000"
965,96,vhvlrbeqsqdqvfpkfujm,guhbi,2,67.00,0.09,73.03,"2024-04-23 11:36:42.000000"
966,74,latsikdkqbfvqpfdbweg,qpagg,2,86.00,0.09,93.74,"2024-04-21 16:37:31.000000"
967,89,jethduqsskuxecyllvwu,lvvtg,2,81.00,0.09,88.29,"2024-04-10 20:37:51.000000"
968,22,cvwwsbzvhwocurbgybku,wakyr,1,39.00,0.09,42.51,"2024-04-14 23:30:18.000000"
969,18,ltmbsnmwwtguhdrdokik,bcepm,2,37.00,0.09,40.33,"2024-04-05 23:11:10.000000"
970,74,fujldfqrleltksmeltmc,whqmm,2,19.00,0.09,20.71,"2024-04-05 20:54:14.000000"
971,25,tbyqhllusgyblzqhkfsc,eplng,2,50.00,0.09,54.50,"2024-04-17 14:36:24.000000"
972,28,strcjoruwyeanofhwqlh,bkvbp,2,76.00,0.09,82.84,"2024-04-02 23:43:11.000000"
973,6,cgydtikztwebtsgdwbnn,yjubu,2,64.00,0.09,69.76,"2024-04-24 08:48:45.000000"
974,99,pzevtifdykfvmwyeygjd,mddem,1,57.00,0.09,62.13,"2024-04-23 23:06:46.000000"
975,15,ltlxiubuvuolktniclwf,gqmls,1,75.00,0.09,81.75,"2024-04-17 03:17:19.000000"
976,47,sgycmfqmlwakzspywpiu,buvum,2,54.00,0.09,58.86,"2024-04-21 23:32:51.000000"
977,90,jdpnukqcjouhyyzadmdd,ihivf,2,91.00,0.09,99.19,"2024-04-01 04:29:20.000000"
978,33,pahlgydqxstpvhwqoxws,xjequ,1,86.00,0.09,93.74,"2024-04-04 00:38:50.000000"
979,95,lkptcdhdunfodapbjqds,fyblb,2,59.00,0.09,64.31,"2024-04-03 15:41:32.000000"
980,68,dokijxkjpvmtmariqgfj,dpoct,1,17.00,0.09,18.53,"2024-04-12 07:40:58.000000"
981,39,uuraywkktrbdngoebsop,keneh,2,57.00,0.09,62.13,"2024-04-06 08:00:50.000000"
982,21,mumbvykawlmcxljpvmwz,hlkqb,1,1.00,0.09,1.09,"2024-04-12 09:17:23.000000"
983,88,gmtlusgajsnnyghtxkgz,fdwdz,2,66.00,0.09,71.94,"2024-04-22 15:29:01.000000"
984,64,afvscgxybjrghpdvumzn,rvdcb,2,67.00,0.09,73.03,"2024-04-15 07:30:34.000000"
985,38,leklejinrttonvsdjkbz,ucbyq,1,40.00,0.09,43.60,"2024-04-07 11:03:43.000000"
986,90,ukmhyyvlquelpsweehxu,ickuu,2,41.00,0.09,44.69,"2024-04-11 09:30:47.000000"
987,54,pmneicktprsmguhxuemy,iqhnr,2,47.00,0.09,51.23,"2024-04-19 04:45:03.000000"
988,65,kbzudejkxmneiadnjetg,zfcus,1,18.00,0.09,19.62,"2024-04-03 01:24:10.000000"
989,81,uqvgqmnfjgcshhoxbipy,comrc,1,3.00,0.09,3.27,"2024-04-12 05:39:09.000000"
990,81,xedzqezlgvogmsdmdczs,rfygg,2,17.00,0.09,18.53,"2024-04-03 13:23:52.000000"
991,92,ixqkbbbbftfuihlighqj,xmsft,1,69.00,0.09,75.21,"2024-04-26 22:16:55.000000"
992,27,sutmdfqqgixnyewydupr,nnaos,2,50.00,0.09,54.50,"2024-04-21 23:46:39.000000"
993,1,xqjyrpwrrkbxmrxodvvr,wkgey,1,19.00,0.09,20.71,"2024-04-20 13:38:03.000000"
994,72,pwodxfgrpbkuxcqzadpr,nqoxw,2,85.00,0.09,92.65,"2024-04-04 10:12:06.000000"
995,4,vdbvdatshfgphnwujjvz,mjkwf,1,60.00,0.09,65.40,"2024-04-19 22:27:30.000000"
996,38,yrnnbpvncwecauyivgof,ixqli,1,5.00,0.09,5.45,"2024-04-19 23:45:51.000000"
997,5,imjmiclbxlluunfkmehz,dpssl,1,99.00,0.09,107.91,"2024-04-23 02:46:36.000000"
998,74,lcyozfebwefnctryvkjo,uigdy,1,100.00,0.09,109.00,"2024-04-27 09:04:23.000000"
999,41,kusfxwtfpjeolokkutly,jysuu,2,20.00,0.09,21.80,"2024-04-14 22:09:58.000000"
1000,73,gbooecbubriovnbrinrv,cvbpy,2,64.00,0.09,69.76,"2024-04-16 07:50:40.000000"